id,term,before_example,after_example,after_ko,after_en,after_ja
a1_0001,"allá","La palabra ""allá"" aparece en la lista.","Mi casa está allá, cerca del río.","우리 집은 저기 강 근처에 있어요.","My house is over there, near the river.","私の家はあそこ、川の近くにあります。"
a1_0002,"animal","La palabra ""animal"" aparece en la lista.","El perro es mi animal favorito.","개는 내가 가장 좋아하는 동물이에요.","The dog is my favorite animal.","犬は私の一番好きな動物です。"
a1_0003,"año","La palabra ""año"" aparece en la lista.","Este año quiero viajar a México.","올해는 멕시코에 여행 가고 싶어요.","This year I want to travel to Mexico.","今年はメキシコへ旅行したいです。"
a1_0004,"árbol","La palabra ""árbol"" aparece en la lista.","Hay un árbol grande en el parque.","공원에 큰 나무가 한 그루 있어요.","There is a big tree in the park.","公園に大きな木が一本あります。"
a1_0005,"bajo","La palabra ""bajo"" aparece en la lista.","El precio del menú es muy bajo.","메뉴 가격이 아주 낮아요.","The price of the menu is very low.","メニューの値段はとても安いです。"
a1_0006,"bastante","La palabra ""bastante"" aparece en la lista.","La sopa está bastante caliente.","수프가 꽤 뜨거워요.","The soup is quite hot.","スープはかなり熱いです。"
a1_0007,"biblioteca","La palabra ""biblioteca"" aparece en la lista.","Estudio con mis amigos en la biblioteca.","친구들과 도서관에서 공부해요.","I study with my friends at the library.","友達と図書館で勉強します。"
a1_0008,"budista","La palabra ""budista"" aparece en la lista.","Mi vecino es budista y muy tranquilo.","내 이웃은 불교도이고 아주 온화해요.","My neighbor is Buddhist and very calm.","私の隣人は仏教徒でとても穏やかです。"
a1_0009,"caliente","La palabra ""caliente"" aparece en la lista.","El café está muy caliente todavía.","커피가 아직 아주 뜨거워요.","The coffee is still very hot.","コーヒーはまだとても熱いです。"
a1_0010,"cantante","La palabra ""cantante"" aparece en la lista.","La cantante canta en el teatro esta noche.","그 가수는 오늘 밤 극장에서 노래해요.","The singer sings at the theater tonight.","その歌手は今夜劇場で歌います。"
a1_0011,"capital","La palabra ""capital"" aparece en la lista.","Madrid es la capital de España.","마드리드는 스페인의 수도예요.","Madrid is the capital of Spain.","マドリードはスペインの首都です。"
a1_0012,"catedral","La palabra ""catedral"" aparece en la lista.","La catedral de Sevilla es enorme.","세비야 대성당은 아주 커요.","The cathedral of Seville is huge.","セビリアの大聖堂はとても大きいです。"
a1_0013,"claro","La palabra ""claro"" aparece en la lista.","El cielo está claro esta tarde.","오늘 오후는 하늘이 맑아요.","The sky is clear this afternoon.","今日の午後は空が晴れています。"
a1_0014,"conductor","La palabra ""conductor"" aparece en la lista.","El conductor del autobús es muy amable.","버스 운전사가 아주 친절해요.","The bus driver is very kind.","バスの運転手はとても親切です。"
a1_0015,"costar","La palabra ""costar"" aparece en la lista.","¿Cuánto puede costar este libro?","이 책은 값이 얼마나 할까요?","How much can this book cost?","この本はいくらくらいしますか。"
a1_0016,"cristiano","La palabra ""cristiano"" aparece en la lista.","Mi abuelo es cristiano y va a misa.","할아버지는 기독교인이라 미사에 가세요.","My grandfather is Christian and goes to mass.","祖父はキリスト教徒でミサに行きます。"
a1_0017,"en","La palabra ""en"" aparece en la lista.","Las llaves están en la mesa.","열쇠는 탁자 위에 있어요.","The keys are on the table.","鍵はテーブルの上にあります。"
a1_0018,"Este","La palabra ""Este"" aparece en la lista.","El sol sale por el Este.","해는 동쪽에서 떠요.","The sun rises in the east.","太陽は東から昇ります。"
a1_0019,"flor","La palabra ""flor"" aparece en la lista.","Esta flor amarilla es para ti.","이 노란 꽃은 너를 위한 거야.","This yellow flower is for you.","この黄色い花はあなたへのものです。"
a1_0020,"foto","La palabra ""foto"" aparece en la lista.","Hago una foto de la playa.","해변 사진을 한 장 찍어요.","I take a photo of the beach.","ビーチの写真を一枚撮ります。"
a1_0021,"gente","La palabra ""gente"" aparece en la lista.","Hay mucha gente en la plaza.","광장에 사람들이 많아요.","There are many people in the square.","広場には人がたくさんいます。"
a1_0022,"gris","La palabra ""gris"" aparece en la lista.","El cielo está gris hoy.","오늘은 하늘이 회색이에요.","The sky is gray today.","今日は空が灰色です。"
a1_0023,"haber","La palabra ""haber"" aparece en la lista.","Va a haber una fiesta el viernes.","금요일에 파티가 있을 거예요.","There is going to be a party on Friday.","金曜日にパーティーがあります。"
a1_0024,"hermoso","La palabra ""hermoso"" aparece en la lista.","El jardín de mi abuela es hermoso.","할머니의 정원은 아름다워요.","My grandmother's garden is beautiful.","祖母の庭は美しいです。"
a1_0025,"hora","La palabra ""hora"" aparece en la lista.","La clase dura una hora.","수업은 한 시간 동안 해요.","The class lasts one hour.","授業は1時間続きます。"
a1_0026,"iglesia","La palabra ""iglesia"" aparece en la lista.","La iglesia está en el centro del pueblo.","교회는 마을 중심에 있어요.","The church is in the center of the town.","教会は町の中心にあります。"
a1_0027,"interesante","La palabra ""interesante"" aparece en la lista.","Esta novela es muy interesante.","이 소설은 아주 흥미로워요.","This novel is very interesting.","この小説はとても面白いです。"
a1_0028,"ir","La palabra ""ir"" aparece en la lista.","Quiero ir al cine contigo.","너와 함께 영화관에 가고 싶어.","I want to go to the movies with you.","あなたと映画館に行きたいです。"
a1_0029,"judío","La palabra ""judío"" aparece en la lista.","El museo judío abre los domingos.","유대 박물관은 일요일마다 열어요.","The Jewish museum opens on Sundays.","ユダヤ博物館は日曜日に開きます。"
a1_0030,"kilómetro","La palabra ""kilómetro"" aparece en la lista.","La playa está a un kilómetro de aquí.","해변은 여기서 1킬로미터 떨어져 있어요.","The beach is one kilometer from here.","ビーチはここから1キロメートルです。"
a1_0031,"lento","La palabra ""lento"" aparece en la lista.","El tren de la costa es muy lento.","해안선 기차는 아주 느려요.","The coastal train is very slow.","海岸沿いの列車はとても遅いです。"
a1_0032,"llover","La palabra ""llover"" aparece en la lista.","Va a llover toda la semana.","일주일 내내 비가 올 거예요.","It is going to rain all week.","一週間ずっと雨が降りそうです。"
a1_0033,"mar","La palabra ""mar"" aparece en la lista.","Me gusta nadar en el mar.","나는 바다에서 수영하는 걸 좋아해요.","I like swimming in the sea.","海で泳ぐのが好きです。"
a1_0034,"marrón","La palabra ""marrón"" aparece en la lista.","Tengo un abrigo marrón para el invierno.","겨울용 갈색 코트가 있어요.","I have a brown coat for winter.","冬用の茶色いコートを持っています。"
a1_0035,"más","La palabra ""más"" aparece en la lista.","Quiero más arroz, por favor.","밥을 더 주세요.","I want more rice, please.","ご飯をもっとください。"
a1_0036,"menos","La palabra ""menos"" aparece en la lista.","Hoy hace menos calor que ayer.","오늘은 어제보다 덜 더워요.","Today it is less hot than yesterday.","今日は昨日より暑くありません。"
a1_0037,"mes","La palabra ""mes"" aparece en la lista.","Agosto es mi mes favorito.","8월은 내가 가장 좋아하는 달이에요.","August is my favorite month.","8月は私の一番好きな月です。"
a1_0038,"meses","La palabra ""meses"" aparece en la lista.","Vivo aquí desde hace seis meses.","여기 산 지 6개월 됐어요.","I have lived here for six months.","ここに住んで6か月になります。"
a1_0039,"minuto","La palabra ""minuto"" aparece en la lista.","El examen empieza en un minuto.","시험이 1분 후에 시작해요.","The exam starts in one minute.","試験は1分後に始まります。"
a1_0040,"momento","La palabra ""momento"" aparece en la lista.","Espera un momento, por favor.","잠깐만 기다려 주세요.","Wait a moment, please.","少々お待ちください。"
a1_0041,"monumento","La palabra ""monumento"" aparece en la lista.","Este monumento es del siglo XV.","이 기념물은 15세기 것이에요.","This monument is from the 15th century.","この記念碑は15世紀のものです。"
a1_0042,"musulmán","La palabra ""musulmán"" aparece en la lista.","Mi compañero de piso es musulmán.","내 룸메이트는 무슬림이에요.","My roommate is Muslim.","私のルームメイトはイスラム教徒です。"
a1_0043,"muy","La palabra ""muy"" aparece en la lista.","La película es muy divertida.","그 영화는 매우 재미있어요.","The movie is very fun.","その映画はとても面白いです。"
a1_0044,"nevar","La palabra ""nevar"" aparece en la lista.","En enero va a nevar en la sierra.","1월에는 산에 눈이 올 거예요.","In January it is going to snow in the mountains.","1月には山に雪が降るでしょう。"
a1_0045,"no","La palabra ""no"" aparece en la lista.","No, gracias, ya tengo café.","아니요, 괜찮아요. 이미 커피가 있어요.","No, thanks, I already have coffee.","いいえ、結構です。もうコーヒーがあります。"
a1_0046,"noche","La palabra ""noche"" aparece en la lista.","Trabajo hasta las diez de la noche.","밤 10시까지 일해요.","I work until ten at night.","夜10時まで働きます。"
a1_0047,"Norte","La palabra ""Norte"" aparece en la lista.","Bilbao está en el Norte de España.","빌바오는 스페인 북쪽에 있어요.","Bilbao is in the north of Spain.","ビルバオはスペインの北にあります。"
a1_0048,"Oeste","La palabra ""Oeste"" aparece en la lista.","Portugal está al Oeste de España.","포르투갈은 스페인 서쪽에 있어요.","Portugal is to the west of Spain.","ポルトガルはスペインの西にあります。"
a1_0049,"planta","La palabra ""planta"" aparece en la lista.","Esta planta necesita agua y sol.","이 식물은 물과 햇빛이 필요해요.","This plant needs water and sun.","この植物には水と日光が必要です。"
a1_0050,"presidente","La palabra ""presidente"" aparece en la lista.","El presidente habla hoy en la radio.","대통령이 오늘 라디오에서 연설해요.","The president speaks on the radio today.","大統領は今日ラジオで話します。"
a1_0051,"pronto","La palabra ""pronto"" aparece en la lista.","El autobús llega pronto.","버스가 곧 도착해요.","The bus arrives soon.","バスはもうすぐ着きます。"
a1_0052,"rápido","La palabra ""rápido"" aparece en la lista.","Este coche es muy rápido.","이 차는 아주 빨라요.","This car is very fast.","この車はとても速いです。"
a1_0053,"reina","La palabra ""reina"" aparece en la lista.","La reina visita el hospital hoy.","여왕이 오늘 병원을 방문해요.","The queen visits the hospital today.","女王は今日病院を訪問します。"
a1_0054,"rey","La palabra ""rey"" aparece en la lista.","El rey vive en un palacio grande.","왕은 큰 궁전에 살아요.","The king lives in a big palace.","王は大きな宮殿に住んでいます。"
a1_0055,"río","La palabra ""río"" aparece en la lista.","El río pasa por el centro de la ciudad.","강이 도시 중심을 지나가요.","The river passes through the city center.","川は市の中心を流れています。"
a1_0056,"sí","La palabra ""sí"" aparece en la lista.","Sí, quiero un poco de agua.","네, 물 조금 주세요.","Yes, I want a little water.","はい、水を少しください。"
a1_0057,"sin","La palabra ""sin"" aparece en la lista.","No puedo vivir sin mi familia.","가족 없이는 살 수 없어요.","I cannot live without my family.","家族なしでは生きられません。"
a1_0058,"sobre","La palabra ""sobre"" aparece en la lista.","Pongo la carta en el sobre.","편지를 봉투에 넣어요.","I put the letter in the envelope.","手紙を封筒に入れます。"
a1_0059,"Sur","La palabra ""Sur"" aparece en la lista.","Cádiz está en el Sur de España.","카디스는 스페인 남쪽에 있어요.","Cadiz is in the south of Spain.","カディスはスペインの南にあります。"
a1_0060,"tarde","La palabra ""tarde"" aparece en la lista.","Tengo clase de piano por la tarde.","오후에 피아노 수업이 있어요.","I have piano class in the afternoon.","午後にピアノのレッスンがあります。"
a1_0061,"té","La palabra ""té"" aparece en la lista.","¿Quieres té o café?","차 마실래, 커피 마실래?","Do you want tea or coffee?","お茶にしますか、コーヒーにしますか。"
a1_0062,"temprano","La palabra ""temprano"" aparece en la lista.","Me levanto temprano para trabajar.","일하러 가려고 일찍 일어나요.","I get up early to work.","仕事のために早く起きます。"
a1_0063,"código postal","La palabra ""código postal"" aparece en la lista.","Escribe tu código postal en el formulario.","양식에 우편번호를 적으세요.","Write your zip code on the form.","フォームに郵便番号を書いてください。"
a1_0064,"estado civil","La palabra ""estado civil"" aparece en la lista.","¿Cuál es tu estado civil?","결혼 상태가 어떻게 되세요?","What is your marital status?","あなたの婚姻状況は何ですか。"
a1_0065,"fecha de nacimiento","La palabra ""fecha de nacimiento"" aparece en la lista.","Mi fecha de nacimiento es el dos de mayo.","제 생년월일은 5월 2일이에요.","My date of birth is May 2nd.","私の生年月日は5月2日です。"
a1_0066,"fin de semana","La palabra ""fin de semana"" aparece en la lista.","Este fin de semana vamos a la playa.","이번 주말에 우리는 해변에 가요.","This weekend we are going to the beach.","今週末はビーチに行きます。"
a1_0067,"lugar de nacimiento","La palabra ""lugar de nacimiento"" aparece en la lista.","Mi lugar de nacimiento es Buenos Aires.","제 출생지는 부에노스아이레스예요.","My place of birth is Buenos Aires.","私の出生地はブエノスアイレスです。"
a1_0068,"número de teléfono","La palabra ""número de teléfono"" aparece en la lista.","¿Me das tu número de teléfono?","전화번호 좀 알려 줄래요?","Can you give me your phone number?","電話番号を教えてくれますか。"
a1_0069,"página web","La palabra ""página web"" aparece en la lista.","La página web del hotel tiene fotos.","호텔 웹페이지에 사진이 있어요.","The hotel's web page has photos.","ホテルのウェブページには写真があります。"
a1_0070,"tarjeta de crédito","La palabra ""tarjeta de crédito"" aparece en la lista.","Pago la cena con tarjeta de crédito.","저녁 식사를 신용카드로 결제해요.","I pay for dinner with a credit card.","夕食をクレジットカードで払います。"
a1_0071,"teléfono móvil","La palabra ""teléfono móvil"" aparece en la lista.","Mi teléfono móvil no tiene batería.","내 휴대전화 배터리가 없어요.","My mobile phone has no battery.","私の携帯電話はバッテリーがありません。"
a1_0072,"todo recto","La palabra ""todo recto"" aparece en la lista.","Sigue todo recto hasta la plaza.","광장까지 쭉 직진하세요.","Go straight ahead until the square.","広場までまっすぐ進んでください。"
a1_0073,"abrir","Voy a abrir esta tarde.","¿Puedes abrir la ventana, por favor?","창문 좀 열어 줄래요?","Can you open the window, please?","窓を開けてもらえますか。"
a1_0074,"abuelo","Conozco a un abuelo del barrio.","Mi abuelo cuenta historias muy buenas.","할아버지는 아주 재미있는 이야기를 해 주세요.","My grandfather tells very good stories.","祖父はとても面白い話をしてくれます。"
a1_0075,"adivinar","Voy a adivinar esta tarde.","No puedo adivinar tu edad.","네 나이를 짐작할 수가 없어.","I cannot guess your age.","あなたの年齢は当てられません。"
a1_0076,"afeitarse","Voy a afeitarme esta tarde.","Mi padre suele afeitarse por la mañana.","아버지는 보통 아침에 면도를 하세요.","My father usually shaves in the morning.","父はたいてい朝ひげをそります。"
a1_0077,"agenda","Uso la agenda en una situacion diaria.","Escribo mis planes en la agenda.","수첩에 내 계획을 적어요.","I write my plans in my planner.","手帳に予定を書きます。"
a1_0079,"alergia","Uso la alergia en una situacion diaria.","Tengo alergia a los gatos.","나는 고양이 알레르기가 있어요.","I am allergic to cats.","私は猫アレルギーがあります。"
a1_0080,"ambulancia","Uso la ambulancia en una situacion diaria.","La ambulancia llega al hospital.","구급차가 병원에 도착해요.","The ambulance arrives at the hospital.","救急車が病院に着きます。"
a1_0082,"andar","Voy a andar esta tarde.","Me gusta andar por el parque.","공원을 걷는 걸 좋아해요.","I like walking through the park.","公園を歩くのが好きです。"
a1_0083,"antes","Uso antes para unir dos ideas.","Termino los deberes antes de cenar.","저녁 먹기 전에 숙제를 끝내요.","I finish my homework before dinner.","夕食の前に宿題を終えます。"
a1_0084,"apellidarse","Voy a apellidarme esta tarde.","En España es común apellidarse García.","스페인에서는 성이 가르시아인 경우가 흔해요.","In Spain it is common to have the surname Garcia.","スペインではガルシアという名字がよくあります。"
a1_0085,"apellido","Mi apellido es Garcia.","Mi apellido es García.","제 성은 가르시아예요.","My surname is Garcia.","私の名字はガルシアです。"
a1_0086,"aprender","Quiero aprender espanol este ano.","Quiero aprender español este año.","올해 스페인어를 배우고 싶어요.","I want to learn Spanish this year.","今年スペイン語を学びたいです。"
a1_0087,"aprobar","Voy a aprobar esta tarde.","Necesito estudiar mucho para aprobar el examen.","시험에 합격하려면 공부를 많이 해야 해요.","I need to study a lot to pass the exam.","試験に合格するにはたくさん勉強する必要があります。"
a1_0088,"arroba","Uso la arroba en una situacion diaria.","Mi correo lleva una arroba y un punto.","제 이메일에는 골뱅이표와 점이 있어요.","My email has an at sign and a dot.","私のメールにはアットマークとドットがあります。"
a1_0089,"aula","Uso la aula en una situacion diaria.","Los estudiantes entran en el aula.","학생들이 교실에 들어가요.","The students enter the classroom.","学生たちが教室に入ります。"
a1_0091,"avenida","Uso la avenida en una situacion diaria.","La avenida principal tiene muchas tiendas.","중심 대로에는 가게가 많아요.","The main avenue has many shops.","大通りにはお店がたくさんあります。"
a1_0093,"ayer","Voy a ayer esta tarde.","Ayer comí con mis padres.","어제 부모님과 식사했어요.","Yesterday I ate with my parents.","昨日、両親と食事しました。"
a1_0094,"azúcar","Voy a azúcar esta tarde.","¿Quieres azúcar en el café?","커피에 설탕 넣을래요?","Do you want sugar in your coffee?","コーヒーに砂糖を入れますか。"
a1_0095,"bailar","Voy a bailar esta tarde.","Me gusta bailar salsa los sábados.","토요일마다 살사 추는 걸 좋아해요.","I like dancing salsa on Saturdays.","土曜日にサルサを踊るのが好きです。"
a1_0096,"bajar","Voy a bajar esta tarde.","Voy a bajar por las escaleras.","계단으로 내려갈게요.","I am going to go down the stairs.","階段で下ります。"
a1_0098,"bañarse","Voy a bañarme esta tarde.","Los niños quieren bañarse en la piscina.","아이들이 수영장에서 물놀이하고 싶어 해요.","The children want to bathe in the pool.","子どもたちはプールで水浴びしたがっています。"
a1_0099,"bañera","Uso la bañera en una situacion diaria.","La bañera del hotel es muy grande.","호텔 욕조가 아주 커요.","The hotel bathtub is very big.","ホテルの浴槽はとても大きいです。"
a1_0100,"bar","Voy a bar esta tarde.","Quedamos en el bar de la esquina.","모퉁이 바에서 만나기로 했어요.","We meet at the bar on the corner.","角のバルで会う約束をしました。"
a1_0101,"barato","El resultado es barato.","Este restaurante es bueno y barato.","이 식당은 좋고 싸요.","This restaurant is good and cheap.","このレストランは良くて安いです。"
a1_0102,"barba","Uso la barba en una situacion diaria.","Mi tío tiene una barba larga.","삼촌은 수염이 길어요.","My uncle has a long beard.","おじは長いひげを生やしています。"
a1_0103,"beber","Voy a beber esta tarde.","Debes beber mucha agua en verano.","여름에는 물을 많이 마셔야 해요.","You should drink a lot of water in summer.","夏は水をたくさん飲むべきです。"
a1_0104,"bien","El resultado es bien.","Mi abuela cocina muy bien.","할머니는 요리를 아주 잘하세요.","My grandmother cooks very well.","祖母は料理がとても上手です。"
a1_0105,"billete","Necesito el billete para viajar.","Compro un billete de tren para Madrid.","마드리드행 기차표를 사요.","I buy a train ticket to Madrid.","マドリード行きの列車の切符を買います。"
a1_0106,"blusa","Uso la blusa en una situacion diaria.","Esta blusa blanca es de mi hermana.","이 흰 블라우스는 언니 거예요.","This white blouse is my sister's.","この白いブラウスは姉のものです。"
a1_0107,"bolígrafo","Uso el bolígrafo en clase.","Escribo el examen con bolígrafo azul.","시험은 파란 펜으로 써요.","I write the exam with a blue pen.","試験は青いペンで書きます。"
a1_0108,"botella","Uso la botella en una situacion diaria.","Hay una botella de agua en la mesa.","탁자 위에 물 한 병이 있어요.","There is a bottle of water on the table.","テーブルの上に水のボトルがあります。"
a1_0109,"braga","Uso la braga en una situacion diaria.","La braga está en el cajón de la ropa.","팬티는 옷 서랍에 있어요.","The panties are in the clothes drawer.","下着は衣類の引き出しにあります。"
a1_0110,"bueno","El resultado es bueno.","El pan de esta tienda es muy bueno.","이 가게 빵은 아주 좋아요.","The bread from this shop is very good.","この店のパンはとても良いです。"
a1_0111,"bufanda","Uso la bufanda en una situacion diaria.","En invierno llevo una bufanda de lana.","겨울에는 양모 스카프를 둘러요.","In winter I wear a wool scarf.","冬はウールのマフラーをします。"
a1_0112,"cabeza","Uso la cabeza en una situacion diaria.","Me duele la cabeza desde ayer.","어제부터 머리가 아파요.","My head has hurt since yesterday.","昨日から頭が痛いです。"
a1_0113,"cabina","Uso la cabina en una situacion diaria.","Llamo desde una cabina de teléfono.","전화 부스에서 전화해요.","I am calling from a phone booth.","電話ボックスから電話しています。"
a1_0114,"cafetería","Tomo cafetería en el desayuno.","Como un bocadillo en la cafetería.","카페테리아에서 샌드위치를 먹어요.","I eat a sandwich in the cafeteria.","カフェテリアでサンドイッチを食べます。"
a1_0115,"calle","Camino por la calle cada manana.","Mi calle tiene muchos árboles.","우리 동네 거리에는 나무가 많아요.","My street has many trees.","私の通りには木がたくさんあります。"
a1_0117,"cambiar","Voy a cambiar esta tarde.","Quiero cambiar euros por dólares.","유로를 달러로 바꾸고 싶어요.","I want to change euros for dollars.","ユーロをドルに両替したいです。"
a1_0118,"caminar","Voy a caminar esta tarde.","Me gusta caminar junto al mar.","바닷가를 따라 걷는 걸 좋아해요.","I like walking by the sea.","海沿いを歩くのが好きです。"
a1_0119,"camisa","Uso la camisa en una situacion diaria.","Llevo una camisa blanca al trabajo.","출근할 때 흰 셔츠를 입어요.","I wear a white shirt to work.","仕事に白いシャツを着ていきます。"
a1_0120,"cantar","Voy a cantar esta tarde.","Me gusta cantar en la ducha.","샤워하면서 노래하는 걸 좋아해요.","I like singing in the shower.","シャワーで歌うのが好きです。"
a1_0121,"cara","Uso la cara en una situacion diaria.","El bebé tiene la cara redonda.","아기는 얼굴이 동그래요.","The baby has a round face.","赤ちゃんは顔が丸いです。"
a1_0123,"carnicería","Uso la carnicería en una situacion diaria.","Compro pollo en la carnicería.","정육점에서 닭고기를 사요.","I buy chicken at the butcher shop.","肉屋で鶏肉を買います。"
a1_0124,"caro","El resultado es caro.","Este hotel es demasiado caro.","이 호텔은 너무 비싸요.","This hotel is too expensive.","このホテルは高すぎます。"
a1_0125,"carta","Uso la carta en una situacion diaria.","Escribo una carta a mi abuela.","할머니께 편지를 써요.","I write a letter to my grandmother.","祖母に手紙を書きます。"
a1_0126,"cartera","Uso la cartera en una situacion diaria.","Mi cartera está en el bolso.","내 지갑은 가방 안에 있어요.","My wallet is in my bag.","財布はかばんの中にあります。"
a1_0128,"casarse","Voy a casarme esta tarde.","Mis primos van a casarse en junio.","사촌들이 6월에 결혼해요.","My cousins are getting married in June.","いとこたちは6月に結婚します。"
a1_0129,"cava","Uso la cava en una situacion diaria.","El cava es típico de Cataluña.","카바는 카탈루냐의 대표 음료예요.","Cava is typical of Catalonia.","カバはカタルーニャの名物です。"
a1_0130,"cazadora","Uso la cazadora en una situacion diaria.","Llevo una cazadora negra de piel.","검은 가죽 재킷을 입어요.","I wear a black leather jacket.","黒い革のジャケットを着ています。"
a1_0131,"cebolla","Uso la cebolla en una situacion diaria.","Corto una cebolla para la sopa.","수프에 넣을 양파를 썰어요.","I cut an onion for the soup.","スープ用に玉ねぎを切ります。"
a1_0132,"cena","Tomo cena en el desayuno.","La cena está lista a las nueve.","저녁 식사는 9시에 준비돼요.","Dinner is ready at nine.","夕食は9時に準備できます。"
a1_0133,"cenar","Voy a cenar esta tarde.","Hoy vamos a cenar fuera.","오늘은 외식으로 저녁을 먹어요.","Today we are going to have dinner out.","今日は外で夕食をとります。"
a1_0135,"cerrar","Voy a cerrar esta tarde.","¿Puedes cerrar la puerta, por favor?","문 좀 닫아 줄래요?","Can you close the door, please?","ドアを閉めてもらえますか。"
a1_0136,"certificado","Necesito el certificado para el tramite.","Necesito un certificado del curso.","수료 인증서가 필요해요.","I need a certificate for the course.","講座の証明書が必要です。"
a1_0137,"cerveza","Uso la cerveza en una situacion diaria.","La cerveza no es buena para la salud.","맥주는 건강에 좋지 않아요.","Beer is not good for your health.","ビールは健康に良くありません。"
a1_0138,"champán","Tomo champán en el desayuno.","El champán es para la fiesta.","샴페인은 파티용이에요.","The champagne is for the party.","シャンパンはパーティー用です。"
a1_0139,"chica","Conozco a una chica del barrio.","La chica lee un libro en el parque.","소녀가 공원에서 책을 읽어요.","The girl reads a book in the park.","女の子が公園で本を読んでいます。"
a1_0140,"chico","Conozco a un chico del barrio.","El chico juega al fútbol.","소년이 축구를 해요.","The boy plays soccer.","男の子がサッカーをしています。"
a1_0143,"ciudad","Camino por la ciudad cada manana.","Barcelona es una ciudad muy bonita.","바르셀로나는 아주 아름다운 도시예요.","Barcelona is a very beautiful city.","バルセロナはとても美しい都市です。"
a1_0144,"clase","Uso el clase en clase.","La clase de español empieza a las diez.","스페인어 수업은 10시에 시작해요.","The Spanish class starts at ten.","スペイン語の授業は10時に始まります。"
a1_0145,"clásica","Uso la clásica en una situacion diaria.","Escucho música clásica para estudiar.","공부할 때 고전 음악을 들어요.","I listen to classical music to study.","勉強のときクラシック音楽を聴きます。"
a1_0146,"cocina","La cocina de la casa es pequena.","Preparo la cena en la cocina.","부엌에서 저녁을 준비해요.","I prepare dinner in the kitchen.","台所で夕食を作ります。"
a1_0147,"cocinar","Voy a cocinar esta tarde.","Voy a cocinar paella el domingo.","일요일에 파에야를 요리할 거예요.","I am going to cook paella on Sunday.","日曜日にパエリアを作ります。"
a1_0148,"coger","Voy a coger esta tarde.","Voy a coger el metro al centro.","시내로 가는 지하철을 탈 거예요.","I am going to take the metro downtown.","中心街へ地下鉄に乗ります。"
a1_0149,"colegio","Uso el colegio en clase.","Los niños van al colegio a las ocho.","아이들은 8시에 학교에 가요.","The children go to school at eight.","子どもたちは8時に学校へ行きます。"
a1_0150,"colonia","Uso la colonia en una situacion diaria.","Esta colonia huele a flores.","이 향수는 꽃향기가 나요.","This cologne smells like flowers.","この香水は花の香りがします。"
a1_0151,"comer","Voy a comer esta tarde.","Hoy quiero comer pescado.","오늘은 생선을 먹고 싶어요.","Today I want to eat fish.","今日は魚が食べたいです。"
a1_0153,"comisaría","Uso la comisaría en una situacion diaria.","La comisaría está al lado del banco.","경찰서는 은행 옆에 있어요.","The police station is next to the bank.","警察署は銀行の隣にあります。"
a1_0155,"completar","Voy a completar esta tarde.","Tienes que completar este formulario.","이 양식을 작성해야 해요.","You have to complete this form.","このフォームに記入する必要があります。"
a1_0156,"comprar","Voy a comprar esta tarde.","Quiero comprar fruta en el mercado.","시장에서 과일을 사고 싶어요.","I want to buy fruit at the market.","市場で果物を買いたいです。"
a1_0157,"comprender","Voy a comprender esta tarde.","No puedo comprender esta frase.","이 문장을 이해할 수가 없어요.","I cannot understand this sentence.","この文が理解できません。"
a1_0158,"contento","El resultado es contento.","Estoy muy contento con mi trabajo.","나는 내 일에 아주 만족해요.","I am very happy with my job.","私は仕事にとても満足しています。"
a1_0159,"contestar","Voy a contestar esta tarde.","Voy a contestar el correo del cliente.","고객의 이메일에 답장할 거예요.","I am going to answer the client's email.","顧客のメールに返信します。"
a1_0160,"corbata","Uso la corbata en una situacion diaria.","Llevo corbata en las reuniones.","회의 때는 넥타이를 매요.","I wear a tie in meetings.","会議ではネクタイをします。"
a1_0161,"correos","Apunto mi correos en el formulario.","Envío el paquete desde correos.","우체국에서 소포를 부쳐요.","I send the package from the post office.","郵便局から小包を送ります。"
a1_0162,"correr","Voy a correr esta tarde.","Salgo a correr por el parque.","공원으로 달리기하러 나가요.","I go out running in the park.","公園へ走りに出かけます。"
a1_0163,"crecer","Voy a crecer esta tarde.","Las plantas necesitan sol para crecer.","식물이 자라려면 햇빛이 필요해요.","Plants need sun to grow.","植物が育つには日光が必要です。"
a1_0164,"cuaderno","Uso el cuaderno en clase.","Apunto las palabras nuevas en mi cuaderno.","새 단어들을 공책에 적어요.","I write new words in my notebook.","新しい単語をノートに書きます。"
a1_0165,"cuenta","Reviso el cuenta antes de pagar.","Camarero, la cuenta, por favor.","여기요, 계산서 주세요.","Waiter, the bill, please.","すみません、お会計をお願いします。"
a1_0167,"desayunar","Voy a desayunar esta tarde.","Los domingos me gusta desayunar tarde.","일요일에는 늦게 아침 먹는 걸 좋아해요.","On Sundays I like to have breakfast late.","日曜日は遅めに朝食をとるのが好きです。"
a1_0168,"desayuno","Tomo desayuno en el desayuno.","El desayuno del hotel es muy completo.","호텔 조식이 아주 알차요.","The hotel breakfast is very complete.","ホテルの朝食はとても充実しています。"
a1_0169,"después","Uso despues para unir dos ideas.","Primero estudio y después veo la tele.","먼저 공부하고 그 다음에 TV를 봐요.","First I study and afterwards I watch TV.","まず勉強して、その後テレビを見ます。"
a1_0170,"devolver","Voy a devolver esta tarde.","Tengo que devolver este libro a la biblioteca.","이 책을 도서관에 반납해야 해요.","I have to return this book to the library.","この本を図書館に返さなければなりません。"
a1_0171,"día","Uso la día en una situacion diaria.","Hoy es un día especial para mí.","오늘은 나에게 특별한 날이에요.","Today is a special day for me.","今日は私にとって特別な日です。"
a1_0172,"dibujar","Voy a dibujar esta tarde.","Me gusta dibujar animales.","동물 그리는 걸 좋아해요.","I like drawing animals.","動物を描くのが好きです。"
a1_0175,"dirección","Apunto mi dirección en el formulario.","Escribe tu dirección aquí, por favor.","여기에 주소를 적어 주세요.","Write your address here, please.","ここに住所を書いてください。"
a1_0176,"divorciarse","Voy a divorciarme esta tarde.","Mis tíos van a divorciarse este mes.","이모 부부가 이번 달에 이혼해요.","My aunt and uncle are getting divorced this month.","おじ夫婦は今月離婚します。"
a1_0177,"doler","Voy a doler esta tarde.","Me suele doler la espalda por la noche.","밤에 등이 자주 아파요.","My back usually hurts at night.","夜になると背中がよく痛みます。"
a1_0178,"dolor","Hablo del dolor con el medico.","Tengo dolor de cabeza hoy.","오늘 머리가 아파요.","I have a headache today.","今日は頭痛がします。"
a1_0179,"dormitorio","La dormitorio de la casa es pequena.","El dormitorio tiene una cama grande.","침실에는 큰 침대가 있어요.","The bedroom has a big bed.","寝室には大きなベッドがあります。"
a1_0180,"ducha","Uso la ducha en una situacion diaria.","La ducha del hotel no funciona.","호텔 샤워기가 작동하지 않아요.","The hotel shower does not work.","ホテルのシャワーが動きません。"
a1_0181,"ducharse","Voy a ducharme esta tarde.","Es mejor ducharse antes de nadar.","수영하기 전에 샤워하는 게 좋아요.","It is better to shower before swimming.","泳ぐ前にシャワーを浴びる方がいいです。"
a1_0182,"egoísta","Uso la egoísta en una situacion diaria.","Mi jefe es un poco egoísta.","우리 상사는 좀 이기적이에요.","My boss is a bit selfish.","私の上司は少し利己的です。"
a1_0183,"ejercicio","Uso el ejercicio en clase.","Hago ejercicio tres veces por semana.","일주일에 세 번 운동해요.","I exercise three times a week.","週に3回運動します。"
a1_0184,"empresa","Uso la empresa en una situacion diaria.","Mi hermana trabaja en una empresa grande.","누나는 큰 회사에서 일해요.","My sister works at a big company.","姉は大きな会社で働いています。"
a1_0185,"encantar","Voy a encantar esta tarde.","A los niños les va a encantar el parque.","아이들이 그 공원을 아주 좋아할 거예요.","The children are going to love the park.","子どもたちはその公園がとても気に入るでしょう。"
a1_0186,"enfermera","Uso la enfermera en una situacion diaria.","La enfermera trabaja en el hospital.","간호사는 병원에서 일해요.","The nurse works at the hospital.","看護師は病院で働いています。"
a1_0187,"ensalada","Uso la ensalada en una situacion diaria.","De primero quiero una ensalada.","첫 요리로 샐러드를 주세요.","As a starter I want a salad.","前菜にサラダをください。"
a1_0188,"entender","Voy a entender esta tarde.","No puedo entender esta pregunta.","이 질문을 이해할 수가 없어요.","I cannot understand this question.","この質問が理解できません。"
a1_0189,"entrada","Uso la entrada en una situacion diaria.","La entrada del museo está allí.","박물관 입구는 저기예요.","The museum entrance is over there.","博物館の入口はあそこです。"
a1_0190,"entrar","Voy a entrar esta tarde.","¿Podemos entrar en la sala ya?","이제 홀에 들어가도 되나요?","Can we enter the hall now?","もうホールに入ってもいいですか。"
a1_0191,"entrevista","Uso la entrevista en una situacion diaria.","Tengo una entrevista de trabajo el lunes.","월요일에 면접이 있어요.","I have a job interview on Monday.","月曜日に就職面接があります。"
a1_0192,"enviar","Voy a enviar esta tarde.","Voy a enviar el paquete por la tarde.","오후에 소포를 보낼 거예요.","I am going to send the package in the afternoon.","午後に小包を送ります。"
a1_0193,"escalera","Uso la escalera en una situacion diaria.","Subimos por la escalera hasta el tercer piso.","계단으로 3층까지 올라가요.","We go up the stairs to the third floor.","階段で3階まで上がります。"
a1_0195,"escuchar","Voy a escuchar la conversacion.","Me gusta escuchar la radio por la noche.","밤에 라디오 듣는 걸 좋아해요.","I like listening to the radio at night.","夜にラジオを聴くのが好きです。"
a1_0197,"espalda","Uso la espalda en una situacion diaria.","Me duele la espalda de estar sentado.","앉아 있어서 등이 아파요.","My back hurts from sitting.","座りすぎで背中が痛いです。"
a1_0199,"esquiar","Voy a esquiar esta tarde.","En febrero vamos a esquiar a los Pirineos.","2월에 피레네로 스키 타러 가요.","In February we go skiing in the Pyrenees.","2月にピレネーへスキーに行きます。"
a1_0200,"estación","Camino por la estación cada manana.","El tren sale de la estación central.","기차는 중앙역에서 출발해요.","The train leaves from the central station.","列車は中央駅から出発します。"
a1_0201,"estantería","Uso la estantería en una situacion diaria.","Los libros están en la estantería.","책들은 선반에 있어요.","The books are on the shelf.","本は棚にあります。"
a1_0202,"estudiante","Conozco a un estudiante del barrio.","Soy estudiante de segundo curso.","저는 2학년 학생이에요.","I am a second-year student.","私は2年生の学生です。"
a1_0204,"examen","Uso el examen en clase.","El examen de historia es el jueves.","역사 시험은 목요일이에요.","The history exam is on Thursday.","歴史の試験は木曜日です。"
a1_0205,"fábrica","Uso la fábrica en una situacion diaria.","Mi padre trabaja en una fábrica de coches.","아버지는 자동차 공장에서 일하세요.","My father works in a car factory.","父は自動車工場で働いています。"
a1_0207,"falda","Uso la falda en una situacion diaria.","Esta falda azul es muy elegante.","이 파란 스커트는 아주 우아해요.","This blue skirt is very elegant.","この青いスカートはとてもエレガントです。"
a1_0210,"fiesta","Uso la fiesta en una situacion diaria.","La fiesta de cumpleaños es el sábado.","생일 파티는 토요일이에요.","The birthday party is on Saturday.","誕生日パーティーは土曜日です。"
a1_0211,"firmar","Voy a firmar esta tarde.","Tiene que firmar aquí, por favor.","여기에 서명해 주세요.","You have to sign here, please.","ここに署名してください。"
a1_0212,"fotocopia","Necesito el fotocopia para el tramite.","Necesito una fotocopia de mi pasaporte.","여권 복사본이 한 장 필요해요.","I need a photocopy of my passport.","パスポートのコピーが1枚必要です。"
a1_0213,"fotocopiadora","Necesito el fotocopiadora para el tramite.","La fotocopiadora de la oficina está rota.","사무실 복사기가 고장 났어요.","The office photocopier is broken.","オフィスのコピー機は壊れています。"
a1_0214,"fresa","Uso la fresa en una situacion diaria.","De postre quiero helado de fresa.","디저트로 딸기 아이스크림을 주세요.","For dessert I want strawberry ice cream.","デザートにいちごのアイスをください。"
a1_0216,"fruta","Tomo fruta en el desayuno.","Como fruta todos los días.","매일 과일을 먹어요.","I eat fruit every day.","毎日果物を食べます。"
a1_0217,"frutería","Uso la frutería en una situacion diaria.","Compro naranjas en la frutería.","과일 가게에서 오렌지를 사요.","I buy oranges at the fruit shop.","果物屋でオレンジを買います。"
a1_0218,"garganta","Uso la garganta en una situacion diaria.","Me duele la garganta desde ayer.","어제부터 목이 아파요.","My throat has hurt since yesterday.","昨日からのどが痛いです。"
a1_0219,"gimnasia","Uso la gimnasia en una situacion diaria.","Mi hija hace gimnasia en el colegio.","딸은 학교에서 체조를 해요.","My daughter does gymnastics at school.","娘は学校で体操をしています。"
a1_0220,"ginebra","Uso la ginebra en una situacion diaria.","La ginebra es una bebida muy fuerte.","진은 아주 독한 음료예요.","Gin is a very strong drink.","ジンはとても強い飲み物です。"
a1_0221,"gorra","Uso la gorra en una situacion diaria.","El niño lleva una gorra roja.","아이가 빨간 모자를 쓰고 있어요.","The boy wears a red cap.","男の子は赤い帽子をかぶっています。"
a1_0222,"grande","El resultado es grande.","Esta maleta es demasiado grande.","이 여행 가방은 너무 커요.","This suitcase is too big.","このスーツケースは大きすぎます。"
a1_0223,"grandes","El resultado es grandes.","Las ciudades grandes tienen mucho tráfico.","큰 도시들은 교통량이 많아요.","Big cities have a lot of traffic.","大都市は交通量が多いです。"
a1_0224,"gustar","Voy a gustar esta tarde.","Me va a gustar mucho este curso.","이 강좌가 아주 마음에 들 것 같아요.","I am going to like this course a lot.","この講座はとても気に入りそうです。"
a1_0225,"habitación","La habitación de la casa es pequena.","Mi habitación tiene una ventana grande.","내 방에는 큰 창문이 있어요.","My room has a big window.","私の部屋には大きな窓があります。"
a1_0227,"hamburguesa","Uso la hamburguesa en una situacion diaria.","Quiero una hamburguesa con queso.","치즈 햄버거 하나 주세요.","I want a hamburger with cheese.","チーズバーガーをください。"
a1_0228,"hasta","Camino hasta la estacion.","Trabajo hasta las seis de la tarde.","오후 6시까지 일해요.","I work until six in the evening.","午後6時まで働きます。"
a1_0229,"hermano","Conozco a un hermano del barrio.","Mi hermano estudia en Sevilla.","내 형은 세비야에서 공부해요.","My brother studies in Seville.","兄はセビリアで勉強しています。"
a1_0230,"hijo","Conozco a un hijo del barrio.","Su hijo tiene cinco años.","그의 아들은 다섯 살이에요.","His son is five years old.","彼の息子は5歳です。"
a1_0231,"historia","Uso la historia en una situacion diaria.","Me interesa la historia de España.","스페인 역사에 관심이 있어요.","I am interested in the history of Spain.","スペインの歴史に興味があります。"
a1_0232,"hoja","Uso la hoja en una situacion diaria.","Escribo la respuesta en una hoja.","답을 종이 한 장에 써요.","I write the answer on a sheet of paper.","答えを紙に書きます。"
a1_0233,"hombre","Conozco a un hombre del barrio.","Ese hombre es el padre de Ana.","저 남자는 아나의 아버지예요.","That man is Ana's father.","あの男の人はアナのお父さんです。"
a1_0237,"impresora","Uso la impresora en una situacion diaria.","La impresora no tiene papel.","프린터에 종이가 없어요.","The printer has no paper.","プリンターに紙がありません。"
a1_0239,"invitar","Voy a invitar esta tarde.","Quiero invitar a Marta a la fiesta.","마르타를 파티에 초대하고 싶어요.","I want to invite Marta to the party.","マルタをパーティーに招待したいです。"
a1_0240,"iva","Uso la iva en una situacion diaria.","El precio incluye el iva.","가격에 부가가치세가 포함돼 있어요.","The price includes VAT.","価格には消費税が含まれています。"
a1_0242,"joven","El resultado es joven.","Mi profesora es joven y simpática.","우리 선생님은 젊고 상냥해요.","My teacher is young and friendly.","私の先生は若くて感じがいいです。"
a1_0243,"jugar","Voy a jugar esta tarde.","Los niños quieren jugar en el patio.","아이들이 마당에서 놀고 싶어 해요.","The children want to play in the yard.","子どもたちは中庭で遊びたがっています。"
a1_0244,"lápiz","Uso el lápiz en clase.","Dibujo el mapa con un lápiz.","연필로 지도를 그려요.","I draw the map with a pencil.","鉛筆で地図を描きます。"
a1_0245,"lata","Uso la lata en una situacion diaria.","Compro una lata de tomate.","토마토 캔 하나를 사요.","I buy a can of tomatoes.","トマトの缶詰を買います。"
a1_0246,"lavadora","Uso la lavadora en una situacion diaria.","La lavadora está en el baño.","세탁기는 욕실에 있어요.","The washing machine is in the bathroom.","洗濯機は浴室にあります。"
a1_0247,"lavar","Voy a lavar esta tarde.","Voy a lavar los platos después de cenar.","저녁 먹고 설거지할 거예요.","I am going to wash the dishes after dinner.","夕食後にお皿を洗います。"
a1_0248,"lavarse","Voy a lavarme esta tarde.","Hay que lavarse las manos antes de comer.","먹기 전에 손을 씻어야 해요.","You must wash your hands before eating.","食べる前に手を洗わなければなりません。"
a1_0250,"lechuga","Uso la lechuga en una situacion diaria.","La ensalada lleva lechuga y tomate.","샐러드에는 상추와 토마토가 들어가요.","The salad has lettuce and tomato.","サラダにはレタスとトマトが入っています。"
a1_0252,"letra","Uso la letra en una situacion diaria.","La eñe es una letra española.","엔예(ñ)는 스페인어 글자예요.","The enye is a Spanish letter.","エニェ(ñ)はスペイン語の文字です。"
a1_0253,"levantarse","Voy a levantarme esta tarde.","Es difícil levantarse temprano en invierno.","겨울에는 일찍 일어나기가 힘들어요.","It is hard to get up early in winter.","冬は早起きするのが大変です。"
a1_0254,"librería","Uso la librería en una situacion diaria.","Compro el diccionario en la librería.","서점에서 사전을 사요.","I buy the dictionary at the bookstore.","本屋で辞書を買います。"
a1_0256,"limpiar","Voy a limpiar esta tarde.","Voy a limpiar mi habitación hoy.","오늘 내 방을 청소할 거예요.","I am going to clean my room today.","今日は自分の部屋を掃除します。"
a1_0257,"limpio","El resultado es limpio.","El suelo de la cocina está limpio.","부엌 바닥이 깨끗해요.","The kitchen floor is clean.","台所の床はきれいです。"
a1_0258,"limpios","El resultado es limpios.","Los vasos ya están limpios.","컵들은 이미 깨끗해요.","The glasses are already clean.","コップはもうきれいです。"
a1_0259,"llamarse","Ella se llama Ana.","Llamarse Ana es muy común en España.","스페인에서는 아나라는 이름이 아주 흔해요.","Being called Ana is very common in Spain.","スペインではアナという名前はとても一般的です。"
a1_0260,"llegar","Voy a llegar esta tarde.","El avión va a llegar a las tres.","비행기는 3시에 도착할 거예요.","The plane is going to arrive at three.","飛行機は3時に到着します。"
a1_0261,"llevar","Voy a llevar esta tarde.","¿Me ayudas a llevar estas bolsas?","이 가방들 나르는 것 좀 도와줄래?","Can you help me carry these bags?","この袋を運ぶのを手伝ってくれますか。"
a1_0263,"lugar","Voy a lugar esta tarde.","Este lugar es perfecto para descansar.","이곳은 쉬기에 완벽한 장소예요.","This place is perfect for resting.","この場所は休むのに最適です。"
a1_0264,"madre","Conozco a un madre del barrio.","Mi madre prepara una sopa muy rica.","엄마는 아주 맛있는 수프를 만들어요.","My mother makes a very tasty soup.","母はとてもおいしいスープを作ります。"
a1_0265,"mal","El resultado es mal.","Hoy me encuentro un poco mal.","오늘은 몸이 좀 안 좋아요.","Today I feel a bit bad.","今日は少し気分が悪いです。"
a1_0266,"maleta","Uso la maleta en una situacion diaria.","Mi maleta pesa veinte kilos.","내 여행 가방은 20킬로예요.","My suitcase weighs twenty kilos.","私のスーツケースは20キロあります。"
a1_0267,"malo","El resultado es malo.","El tiempo está malo para ir a la playa.","해변에 가기에는 날씨가 나빠요.","The weather is bad for going to the beach.","ビーチに行くには天気が悪いです。"
a1_0268,"mantequilla","Uso la mantequilla en una situacion diaria.","Pongo mantequilla en el pan.","빵에 버터를 발라요.","I put butter on the bread.","パンにバターを塗ります。"
a1_0269,"manzana","Tomo manzana en el desayuno.","Como una manzana cada mañana.","매일 아침 사과 한 개를 먹어요.","I eat an apple every morning.","毎朝りんごを1個食べます。"
a1_0272,"mayonesa","Uso la mayonesa en una situacion diaria.","El bocadillo lleva mayonesa y atún.","샌드위치에는 마요네즈와 참치가 들어가요.","The sandwich has mayonnaise and tuna.","サンドイッチにはマヨネーズとツナが入っています。"
a1_0273,"medicina","Uso la medicina en una situacion diaria.","Tomo la medicina después de comer.","식사 후에 약을 먹어요.","I take the medicine after eating.","食後に薬を飲みます。"
a1_0274,"médico","Conozco a un médico del barrio.","El médico me da una receta.","의사가 처방전을 줘요.","The doctor gives me a prescription.","医者が処方箋をくれます。"
a1_0275,"merendar","Voy a merendar esta tarde.","Los niños van a merendar fruta y pan.","아이들은 간식으로 과일과 빵을 먹을 거예요.","The children are going to have fruit and bread for a snack.","子どもたちはおやつに果物とパンを食べます。"
a1_0276,"merienda","Uso la merienda en una situacion diaria.","La merienda es a las cinco.","간식 시간은 5시예요.","Snack time is at five.","おやつは5時です。"
a1_0277,"merluza","Uso la merluza en una situacion diaria.","La merluza está muy fresca hoy.","오늘 메를루사가 아주 신선해요.","The hake is very fresh today.","今日のメルルーサはとても新鮮です。"
a1_0280,"mirar","Voy a mirar esta tarde.","Me gusta mirar el mar desde aquí.","여기서 바다를 바라보는 게 좋아요.","I like looking at the sea from here.","ここから海を眺めるのが好きです。"
a1_0281,"moneda","Uso la moneda en una situacion diaria.","Solo tengo una moneda de un euro.","1유로 동전 하나밖에 없어요.","I only have a one-euro coin.","1ユーロ硬貨が1枚しかありません。"
a1_0283,"morir","Voy a morir esta tarde.","Las plantas pueden morir sin agua.","식물은 물이 없으면 죽을 수 있어요.","Plants can die without water.","植物は水がないと枯れてしまいます。"
a1_0284,"móvil","Apunto mi móvil en el formulario.","He perdido mi móvil en el tren.","기차에서 휴대폰을 잃어버렸어요.","I lost my mobile on the train.","電車で携帯をなくしました。"
a1_0288,"nacer","Voy a nacer esta tarde.","Mi sobrina va a nacer en abril.","조카가 4월에 태어날 거예요.","My niece is going to be born in April.","姪は4月に生まれる予定です。"
a1_0289,"nadar","Voy a nadar esta tarde.","Aprendo a nadar en la piscina.","수영장에서 수영을 배워요.","I learn to swim in the pool.","プールで泳ぎを習っています。"
a1_0290,"naranja","Tomo naranja en el desayuno.","Bebo zumo de naranja cada mañana.","매일 아침 오렌지 주스를 마셔요.","I drink orange juice every morning.","毎朝オレンジジュースを飲みます。"
a1_0291,"necesitar","Voy a necesitar esta tarde.","Vas a necesitar un abrigo en Madrid.","마드리드에서는 코트가 필요할 거예요.","You are going to need a coat in Madrid.","マドリードではコートが必要になりますよ。"
a1_0293,"nevera","Uso la nevera en una situacion diaria.","Hay leche y queso en la nevera.","냉장고에 우유와 치즈가 있어요.","There is milk and cheese in the refrigerator.","冷蔵庫に牛乳とチーズがあります。"
a1_0295,"niña","Conozco a una niña del barrio.","La niña dibuja una casa.","여자아이가 집을 그려요.","The girl draws a house.","女の子が家の絵を描いています。"
a1_0296,"niño","Conozco a un niño del barrio.","El niño duerme en su habitación.","아이가 자기 방에서 자요.","The child sleeps in his room.","子どもは自分の部屋で寝ています。"
a1_0299,"nota","Uso la nota en una situacion diaria.","Saco buena nota en el examen.","시험에서 좋은 성적을 받아요.","I get a good grade on the exam.","試験で良い成績を取ります。"
a1_0300,"novio","Conozco a un novio del barrio.","Mi novio cocina muy bien.","내 남자친구는 요리를 아주 잘해요.","My boyfriend cooks very well.","私の彼氏は料理がとても上手です。"
a1_0301,"nuevo","El resultado es nuevo.","Quiero comprar un coche nuevo.","새 차를 사고 싶어요.","I want to buy a new car.","新しい車を買いたいです。"
a1_0302,"número","Apunto mi número en el formulario.","¿Cuál es tu número de habitación?","방 번호가 몇 번이에요?","What is your room number?","部屋番号は何番ですか。"
a1_0303,"odiar","Voy a odiar esta tarde.","No debes odiar a nadie.","누구도 미워하면 안 돼요.","You should not hate anyone.","誰も憎んではいけません。"
a1_0305,"oír","Voy a oir esta tarde.","No puedo oír bien la radio.","라디오가 잘 안 들려요.","I cannot hear the radio well.","ラジオがよく聞こえません。"
a1_0306,"ópera","Uso la ópera en una situacion diaria.","Esta noche vamos a la ópera.","오늘 밤 우리는 오페라를 보러 가요.","Tonight we are going to the opera.","今夜はオペラを見に行きます。"
a1_0307,"optimista","Uso la optimista en una situacion diaria.","Ana es optimista y siempre sonríe.","아나는 낙관적이고 항상 웃어요.","Ana is optimistic and always smiles.","アナは楽観的でいつも笑っています。"
a1_0309,"padre","Conozco a un padre del barrio.","Mi padre trabaja en un banco.","아버지는 은행에서 일하세요.","My father works at a bank.","父は銀行で働いています。"
a1_0310,"paella","Uso la paella en una situacion diaria.","La paella lleva arroz y mariscos.","파에야에는 쌀과 해산물이 들어가요.","Paella has rice and seafood.","パエリアには米と海鮮が入っています。"
a1_0311,"pagar","Voy a pagar esta tarde.","¿Puedo pagar con tarjeta?","카드로 결제해도 되나요?","Can I pay by card?","カードで払えますか。"
a1_0312,"página","Uso la página en una situacion diaria.","Abre el libro por la página diez.","책 10페이지를 펴세요.","Open the book to page ten.","本の10ページを開いてください。"
a1_0313,"país","Camino por la país cada manana.","Chile es un país muy largo.","칠레는 아주 긴 나라예요.","Chile is a very long country.","チリはとても細長い国です。"
a1_0315,"panadería","Tomo panadería en el desayuno.","La panadería abre a las siete.","빵집은 7시에 열어요.","The bakery opens at seven.","パン屋は7時に開きます。"
a1_0316,"panadero","Tomo panadero en el desayuno.","El panadero hace pan cada mañana.","제빵사는 매일 아침 빵을 만들어요.","The baker makes bread every morning.","パン職人は毎朝パンを作ります。"
a1_0317,"pantalones","Tomo pantalones en el desayuno.","Estos pantalones son muy cómodos.","이 바지는 아주 편해요.","These pants are very comfortable.","このズボンはとても楽です。"
a1_0318,"pañuelo","Tomo pañuelo en el desayuno.","Llevo un pañuelo en el bolso.","가방에 손수건을 넣고 다녀요.","I carry a handkerchief in my bag.","かばんにハンカチを入れています。"
a1_0319,"papelería","Uso la papelería en una situacion diaria.","Compro cuadernos en la papelería.","문구점에서 공책을 사요.","I buy notebooks at the stationery shop.","文房具屋でノートを買います。"
a1_0320,"paraguas","Tomo paraguas en el desayuno.","Llueve, necesito el paraguas.","비가 와요. 우산이 필요해요.","It is raining, I need the umbrella.","雨です。傘が必要です。"
a1_0321,"pareja","Uso la pareja en una situacion diaria.","La pareja baila en la plaza.","커플이 광장에서 춤을 춰요.","The couple dances in the square.","カップルが広場で踊っています。"
a1_0323,"pasear","Voy a pasear esta tarde.","Salimos a pasear después de cenar.","저녁 먹고 산책하러 나가요.","We go out for a stroll after dinner.","夕食後に散歩に出かけます。"
a1_0324,"pasta","Uso la pasta en una situacion diaria.","Hoy como pasta con tomate.","오늘은 토마토 파스타를 먹어요.","Today I eat pasta with tomato.","今日はトマトのパスタを食べます。"
a1_0325,"patata","Uso la patata en una situacion diaria.","La tortilla lleva patata y huevo.","토르티야에는 감자와 달걀이 들어가요.","The omelet has potato and egg.","トルティージャにはじゃがいもと卵が入っています。"
a1_0326,"peinarse","Voy a peinarme esta tarde.","Es importante peinarse antes de salir.","나가기 전에 머리를 빗는 게 중요해요.","It is important to comb your hair before going out.","出かける前に髪をとかすことが大切です。"
a1_0328,"peluquería","Uso la peluquería en una situacion diaria.","Voy a la peluquería una vez al mes.","한 달에 한 번 미용실에 가요.","I go to the hair salon once a month.","月に1回美容院に行きます。"
a1_0329,"pequeño","El resultado es pequeño.","Vivo en un pueblo pequeño.","나는 작은 마을에 살아요.","I live in a small town.","小さな町に住んでいます。"
a1_0330,"pequeños","El resultado es pequeños.","Los gatos pequeños duermen mucho.","작은 고양이들은 잠을 많이 자요.","Small cats sleep a lot.","小さな猫はよく眠ります。"
a1_0331,"periodista","Uso la periodista en una situacion diaria.","La periodista escribe sobre deporte.","그 기자는 스포츠에 대해 써요.","The journalist writes about sports.","その記者はスポーツについて書いています。"
a1_0332,"pesar","Voy a pesar esta tarde.","¿Puedes pesar estas manzanas, por favor?","이 사과들 무게 좀 재 주실래요?","Can you weigh these apples, please?","このりんごの重さを量ってもらえますか。"
a1_0333,"pierna","Uso la pierna en una situacion diaria.","Me duele la pierna derecha.","오른쪽 다리가 아파요.","My right leg hurts.","右脚が痛いです。"
a1_0334,"pimienta","Uso la pimienta en una situacion diaria.","La sopa necesita sal y pimienta.","수프에 소금과 후추가 필요해요.","The soup needs salt and pepper.","スープには塩とコショウが必要です。"
a1_0335,"piscina","Uso la piscina en una situacion diaria.","La piscina abre en junio.","수영장은 6월에 열어요.","The pool opens in June.","プールは6月にオープンします。"
a1_0337,"pizarra","Uso la pizarra en una situacion diaria.","La profesora escribe en la pizarra.","선생님이 칠판에 써요.","The teacher writes on the blackboard.","先生が黒板に書いています。"
a1_0338,"pizzería","Uso la pizzería en una situacion diaria.","Cenamos en la pizzería del barrio.","동네 피자집에서 저녁을 먹어요.","We have dinner at the neighborhood pizzeria.","近所のピザ屋で夕食をとります。"
a1_0339,"playa","Uso la playa en una situacion diaria.","En agosto vamos a la playa.","8월에 우리는 해변에 가요.","In August we go to the beach.","8月にビーチへ行きます。"
a1_0340,"plaza","Camino por la plaza cada manana.","Hay un mercado en la plaza mayor.","중앙 광장에 시장이 있어요.","There is a market in the main square.","中央広場に市場があります。"
a1_0341,"policía","Uso la policía en una situacion diaria.","La policía ayuda a los turistas.","경찰이 관광객들을 도와줘요.","The police help the tourists.","警察が観光客を助けています。"
a1_0342,"ponerse","Voy a ponerme esta tarde.","Hay que ponerse el abrigo, hace frío.","코트를 입어야 해요. 날씨가 추워요.","You have to put on your coat, it is cold.","コートを着ないと。寒いですよ。"
a1_0343,"practicar","Voy a practicar esta tarde.","Quiero practicar español contigo.","너랑 스페인어를 연습하고 싶어.","I want to practice Spanish with you.","あなたとスペイン語を練習したいです。"
a1_0346,"preguntar","Voy a preguntar esta tarde.","Voy a preguntar el precio en la tienda.","가게에서 가격을 물어볼 거예요.","I am going to ask the price at the shop.","店で値段を聞いてみます。"
a1_0347,"presentar","Voy a presentar esta tarde.","Te quiero presentar a mi hermana.","너에게 내 여동생을 소개하고 싶어.","I want to introduce my sister to you.","あなたに妹を紹介したいです。"
a1_0348,"primavera","Uso la primavera en una situacion diaria.","En primavera hay muchas flores.","봄에는 꽃이 많아요.","In spring there are many flowers.","春には花がたくさん咲きます。"
a1_0349,"primo","Conozco a un primo del barrio.","Mi primo vive en Valencia.","내 사촌은 발렌시아에 살아요.","My cousin lives in Valencia.","いとこはバレンシアに住んでいます。"
a1_0350,"probarse","Voy a probarme esta tarde.","¿Es posible probarse esta falda aquí?","여기서 이 스커트를 입어 볼 수 있나요?","Is it possible to try on this skirt here?","ここでこのスカートを試着できますか。"
a1_0351,"profesor","Conozco a un profesor del barrio.","El profesor explica la gramática.","선생님이 문법을 설명해요.","The teacher explains the grammar.","先生が文法を説明します。"
a1_0352,"propina","Uso la propina en una situacion diaria.","Dejo propina para el camarero.","웨이터에게 팁을 남겨요.","I leave a tip for the waiter.","ウェイターにチップを残します。"
a1_0353,"pueblo","Camino por la pueblo cada manana.","Mi pueblo tiene una iglesia antigua.","우리 마을에는 오래된 교회가 있어요.","My town has an old church.","私の町には古い教会があります。"
a1_0354,"puerta","La puerta de la casa es pequena.","La puerta del garaje está abierta.","차고 문이 열려 있어요.","The garage door is open.","ガレージのドアが開いています。"
a1_0355,"quedar","Voy a quedar esta tarde.","¿A qué hora quieres quedar mañana?","내일 몇 시에 만날까?","What time do you want to meet tomorrow?","明日何時に会いましょうか。"
a1_0356,"quitarse","Voy a quitarme esta tarde.","Al entrar, hay que quitarse los zapatos.","들어갈 때 신발을 벗어야 해요.","When entering, you must take off your shoes.","入るときに靴を脱がなければなりません。"
a1_0357,"rápida","El resultado es rápida.","Esta línea de metro es muy rápida.","이 지하철 노선은 아주 빨라요.","This metro line is very fast.","この地下鉄の路線はとても速いです。"
a1_0358,"receta","Hablo del receta con el medico.","Sigo la receta de mi abuela.","할머니의 레시피를 따라 해요.","I follow my grandmother's recipe.","祖母のレシピに従います。"
a1_0359,"recibir","Voy a recibir esta tarde.","Espero recibir tu carta pronto.","네 편지를 곧 받길 바라.","I hope to receive your letter soon.","あなたの手紙を早く受け取りたいです。"
a1_0360,"regalar","Voy a regalar esta tarde.","Le voy a regalar un libro a Marta.","마르타에게 책을 선물할 거예요.","I am going to give Marta a book as a gift.","マルタに本をプレゼントします。"
a1_0361,"regla","Uso la regla en una situacion diaria.","Esta regla del juego es simple.","이 게임 규칙은 간단해요.","This rule of the game is simple.","このゲームのルールは簡単です。"
a1_0363,"reservado","Necesito el reservado para viajar.","Este asiento está reservado.","이 좌석은 예약돼 있어요.","This seat is reserved.","この席は予約済みです。"
a1_0364,"reservar","Voy a reservar esta tarde.","Quiero reservar una mesa para dos.","2인용 테이블을 예약하고 싶어요.","I want to reserve a table for two.","2人用のテーブルを予約したいです。"
a1_0365,"responder","Voy a responder esta tarde.","Voy a responder a tu mensaje ahora.","지금 네 메시지에 답장할게.","I am going to reply to your message now.","今あなたのメッセージに返信します。"
a1_0369,"saber","Voy a saber esta tarde.","Quiero saber la hora de salida.","출발 시간을 알고 싶어요.","I want to know the departure time.","出発時間を知りたいです。"
a1_0370,"salida","Uso la salida en una situacion diaria.","La salida de emergencia está a la derecha.","비상구는 오른쪽에 있어요.","The emergency exit is on the right.","非常口は右側にあります。"
a1_0371,"salir","Voy a salir esta tarde.","Esta noche quiero salir con amigos.","오늘 밤은 친구들과 나가고 싶어요.","Tonight I want to go out with friends.","今夜は友達と出かけたいです。"
a1_0372,"salón","La salon de la casa es pequena.","Vemos la tele en el salón.","거실에서 TV를 봐요.","We watch TV in the living room.","リビングでテレビを見ます。"
a1_0373,"salsa","Uso la salsa en una situacion diaria.","La pasta lleva salsa de tomate.","파스타에는 토마토 소스가 들어가요.","The pasta has tomato sauce.","パスタにはトマトソースがかかっています。"
a1_0374,"sardina","Uso la sardina en una situacion diaria.","La sardina es un pescado barato.","정어리는 값싼 생선이에요.","The sardine is a cheap fish.","イワシは安い魚です。"
a1_0375,"sentarse","Voy a sentarme esta tarde.","Pueden sentarse aquí, por favor.","여기 앉으셔도 됩니다.","You can sit here, please.","こちらにお座りください。"
a1_0377,"separarse","Voy a separarme esta tarde.","Mis vecinos van a separarse pronto.","이웃 부부가 곧 헤어질 거예요.","My neighbors are going to separate soon.","隣の夫婦はもうすぐ別れるそうです。"
a1_0378,"servilleta","Uso la servilleta en una situacion diaria.","Pongo la servilleta sobre la mesa.","냅킨을 테이블 위에 놓아요.","I put the napkin on the table.","ナプキンをテーブルに置きます。"
a1_0380,"silla","Uso la silla en una situacion diaria.","Esta silla es muy cómoda.","이 의자는 아주 편해요.","This chair is very comfortable.","この椅子はとても座り心地がいいです。"
a1_0381,"sofá","Uso la sofa en una situacion diaria.","El gato duerme en el sofá.","고양이가 소파에서 자요.","The cat sleeps on the sofa.","猫がソファで寝ています。"
a1_0383,"soltero","Este resultado es soltero.","Mi hermano mayor todavía está soltero.","우리 형은 아직 싱글이에요.","My older brother is still single.","兄はまだ独身です。"
a1_0384,"subir","Voy a subir esta tarde.","Vamos a subir a la torre.","우리는 탑에 올라갈 거예요.","We are going to go up the tower.","塔に上ります。"
a1_0385,"suspender","Voy a suspender esta tarde.","No quiero suspender el examen de mayo.","5월 시험에 떨어지고 싶지 않아요.","I do not want to fail the May exam.","5月の試験に落ちたくありません。"
a1_0387,"tarjeta","Necesito el tarjeta para el tramite.","He perdido mi tarjeta del metro.","지하철 카드를 잃어버렸어요.","I lost my metro card.","地下鉄のカードをなくしました。"
a1_0389,"taxista","Uso la taxista en una situacion diaria.","El taxista conoce bien la ciudad.","택시 기사는 도시를 잘 알아요.","The taxi driver knows the city well.","タクシー運転手は街をよく知っています。"
a1_0390,"taza","Uso la taza en una situacion diaria.","Quiero una taza de té, por favor.","차 한 잔 주세요.","I want a cup of tea, please.","お茶を一杯ください。"
a1_0391,"teléfono","Apunto mi teléfono en el formulario.","El teléfono de la oficina no funciona.","사무실 전화가 작동하지 않아요.","The office phone does not work.","オフィスの電話が使えません。"
a1_0392,"tener","Voy a tener tiempo manana.","Quiero tener una bicicleta nueva.","새 자전거를 갖고 싶어요.","I want to have a new bicycle.","新しい自転車が欲しいです。"
a1_0393,"terraza","Uso la terraza en una situacion diaria.","Desayunamos en la terraza del hotel.","호텔 테라스에서 아침을 먹어요.","We have breakfast on the hotel terrace.","ホテルのテラスで朝食をとります。"
a1_0394,"tienda","Uso la tienda en una situacion diaria.","La tienda cierra a las nueve.","가게는 9시에 닫아요.","The store closes at nine.","店は9時に閉まります。"
a1_0395,"tío","Conozco a un tio del barrio.","Mi tío vive cerca de la playa.","삼촌은 해변 근처에 사세요.","My uncle lives near the beach.","おじは海の近くに住んでいます。"
a1_0396,"toalla","Uso la toalla en una situacion diaria.","Necesito una toalla para la piscina.","수영장에서 쓸 수건이 필요해요.","I need a towel for the pool.","プール用のタオルが必要です。"
a1_0397,"tortilla","Uso la tortilla en una situacion diaria.","La tortilla de patatas es mi plato favorito.","감자 토르티야는 내가 가장 좋아하는 요리예요.","Potato omelet is my favorite dish.","ポテトのトルティージャは私の好物です。"
a1_0398,"trabajar","Voy a trabajar esta tarde.","Mi madre va a trabajar en tren.","엄마는 기차로 출근하세요.","My mother goes to work by train.","母は電車で仕事に行きます。"
a1_0400,"traer","Voy a traer esta tarde.","¿Puedes traer pan de la tienda?","가게에서 빵 좀 가져다줄래?","Can you bring bread from the store?","店からパンを持ってきてくれますか。"
a1_0402,"triste","El resultado es triste.","Estoy triste porque mi amigo se va.","친구가 떠나서 슬퍼요.","I am sad because my friend is leaving.","友達が行ってしまうので悲しいです。"
a1_0403,"turista","Uso la turista en una situacion diaria.","El turista pregunta por el museo.","관광객이 박물관 위치를 물어봐요.","The tourist asks about the museum.","観光客が博物館について尋ねています。"
a1_0404,"vainilla","Uso la vainilla en una situacion diaria.","Quiero un helado de vainilla.","바닐라 아이스크림 하나 주세요.","I want a vanilla ice cream.","バニラアイスをください。"
a1_0406,"vecino","Conozco a un vecino del barrio.","Mi vecino tiene un perro grande.","이웃집에는 큰 개가 있어요.","My neighbor has a big dog.","隣人は大きな犬を飼っています。"
a1_0407,"vender","Voy a vender esta tarde.","Quieren vender su casa del pueblo.","그들은 시골집을 팔고 싶어 해요.","They want to sell their house in the town.","彼らは田舎の家を売りたがっています。"
a1_0408,"venir","Voy a venir esta tarde.","¿Puedes venir a mi casa mañana?","내일 우리 집에 올 수 있어?","Can you come to my house tomorrow?","明日うちに来られますか。"
a1_0409,"ventana","La ventana de la casa es pequena.","Abro la ventana porque hace calor.","더워서 창문을 열어요.","I open the window because it is hot.","暑いので窓を開けます。"
a1_0410,"ver","Voy a ver esta tarde.","Quiero ver esa película contigo.","그 영화를 너와 같이 보고 싶어.","I want to see that movie with you.","その映画をあなたと見たいです。"
a1_0413,"verdura","Uso la verdura en una situacion diaria.","Como verdura en la cena.","저녁에 야채를 먹어요.","I eat vegetables at dinner.","夕食に野菜を食べます。"
a1_0414,"viajar","Voy a viajar esta tarde.","Me encanta viajar en tren.","기차 여행을 아주 좋아해요.","I love traveling by train.","列車で旅行するのが大好きです。"
a1_0415,"viejo","El resultado es viejo.","Este reloj es muy viejo.","이 시계는 아주 오래됐어요.","This watch is very old.","この時計はとても古いです。"
a1_0417,"visitar","Voy a visitar esta tarde.","Queremos visitar el museo del Prado.","우리는 프라도 미술관을 방문하고 싶어요.","We want to visit the Prado Museum.","プラド美術館を訪れたいです。"
a1_0419,"zanahoria","Uso la zanahoria en una situacion diaria.","La zanahoria es buena para la vista.","당근은 눈에 좋아요.","Carrots are good for your eyesight.","にんじんは目に良いです。"
a1_0420,"centro comercial","Necesito centro comercial hoy.","Compramos ropa en el centro comercial.","쇼핑 센터에서 옷을 사요.","We buy clothes at the shopping center.","ショッピングセンターで服を買います。"
a1_0421,"correo electrónico","Necesito correo electrónico hoy.","Te mando el documento por correo electrónico.","문서를 이메일로 보낼게요.","I will send you the document by email.","書類をメールで送ります。"
a1_0423,"abogado","Uso el abogado en una situacion diaria.","El abogado trabaja en el centro.","변호사는 시내에서 일해요.","The lawyer works downtown.","弁護士は中心街で働いています。"
a1_0424,"aceite","Uso el aceite en una situacion diaria.","Cocino con aceite de oliva.","올리브 오일로 요리해요.","I cook with olive oil.","オリーブオイルで料理します。"
a1_0425,"actividad","Uso el actividad en una situacion diaria.","La actividad de hoy es en el parque.","오늘 활동은 공원에서 해요.","Today's activity is in the park.","今日のアクティビティは公園で行います。"
a1_0426,"adolescente","Uso el adolescente en una situacion diaria.","Mi hijo adolescente escucha mucha música.","십대인 아들은 음악을 많이 들어요.","My teenage son listens to a lot of music.","10代の息子は音楽をよく聴きます。"
a1_0427,"afición","Uso el afición en una situacion diaria.","Mi afición favorita es la fotografía.","내가 가장 좋아하는 취미는 사진이에요.","My favorite hobby is photography.","私の一番の趣味は写真です。"
a1_0428,"agradable","Uso el agradable en una situacion diaria.","El clima de esta isla es muy agradable.","이 섬의 기후는 아주 쾌적해요.","The climate of this island is very pleasant.","この島の気候はとても快適です。"
a1_0429,"aire","Uso el aire en una situacion diaria.","El aire de la sierra es muy limpio.","산의 공기는 아주 깨끗해요.","The mountain air is very clean.","山の空気はとてもきれいです。"
a1_0430,"ajo","Uso el ajo en una situacion diaria.","La salsa lleva ajo y tomate.","소스에는 마늘과 토마토가 들어가요.","The sauce has garlic and tomato.","ソースにはにんにくとトマトが入っています。"
a1_0431,"alcohol","Uso el alcohol en una situacion diaria.","Esta bebida no tiene alcohol.","이 음료에는 알코올이 없어요.","This drink has no alcohol.","この飲み物にはアルコールが入っていません。"
a1_0432,"alegre","Uso el alegre en una situacion diaria.","Mi abuela es una persona muy alegre.","할머니는 아주 쾌활한 분이에요.","My grandmother is a very cheerful person.","祖母はとても明るい人です。"
a1_0433,"alemán","Uso el alemán en una situacion diaria.","Estudio alemán los martes.","화요일마다 독일어를 공부해요.","I study German on Tuesdays.","毎週火曜日にドイツ語を勉強します。"
a1_0434,"alojamiento","Uso el alojamiento en una situacion diaria.","Busco alojamiento cerca de la universidad.","대학 근처 숙소를 찾고 있어요.","I am looking for accommodation near the university.","大学の近くの宿を探しています。"
a1_0437,"amarillo","Uso el amarillo en una situacion diaria.","El taxi de Nueva York es amarillo.","뉴욕 택시는 노란색이에요.","The New York taxi is yellow.","ニューヨークのタクシーは黄色です。"
a1_0438,"amueblado","Uso el amueblado en una situacion diaria.","Busco un piso amueblado en el centro.","시내에 가구가 비치된 아파트를 찾고 있어요.","I am looking for a furnished apartment downtown.","中心街で家具付きのアパートを探しています。"
a1_0439,"antipático","Uso el antipático en una situacion diaria.","El camarero de ese bar es antipático.","저 바의 웨이터는 불친절해요.","The waiter at that bar is unfriendly.","あのバルのウェイターは無愛想です。"
a1_0440,"anuncios","Uso el anuncios en una situacion diaria.","Veo muchos anuncios en la tele.","TV에서 광고를 많이 봐요.","I see many advertisements on TV.","テレビでたくさんの広告を見ます。"
a1_0441,"años","Uso el años en una situacion diaria.","Mi abuela tiene ochenta años.","할머니는 여든 살이세요.","My grandmother is eighty years old.","祖母は80歳です。"
a1_0442,"apartamento","Uso el apartamento en una situacion diaria.","Alquilo un apartamento con dos habitaciones.","방 두 개짜리 아파트를 빌려요.","I rent an apartment with two rooms.","部屋が2つあるアパートを借りています。"
a1_0443,"aperitivo","Uso el aperitivo en una situacion diaria.","Tomamos un aperitivo antes de comer.","식사 전에 전채를 먹어요.","We have an appetizer before lunch.","食事の前に前菜をとります。"
a1_0444,"aquí","Uso el aquí en una situacion diaria.","Puedes dejar tu maleta aquí.","여행 가방은 여기에 두면 돼요.","You can leave your suitcase here.","スーツケースはここに置いていいですよ。"
a1_0445,"armario","Uso el armario en una situacion diaria.","Guardo la ropa en el armario.","옷장에 옷을 보관해요.","I keep my clothes in the closet.","服はクローゼットにしまいます。"
a1_0446,"arroz","Uso el arroz en una situacion diaria.","El arroz con pollo está muy rico.","치킨 라이스가 아주 맛있어요.","The rice with chicken is very tasty.","チキンライスはとてもおいしいです。"
a1_0447,"ascensor","Uso el ascensor en una situacion diaria.","El ascensor está roto, usa la escalera.","엘리베이터가 고장 나서 계단을 이용하세요.","The elevator is broken, use the stairs.","エレベーターが故障中なので階段を使ってください。"
a1_0448,"atún","Uso el atún en una situacion diaria.","El bocadillo de atún es barato.","참치 샌드위치는 싸요.","The tuna sandwich is cheap.","ツナサンドは安いです。"
a1_0449,"azul","Uso el azul en una situacion diaria.","El mar se ve muy azul hoy.","오늘 바다가 아주 파랗게 보여요.","The sea looks very blue today.","今日は海がとても青く見えます。"
a1_0450,"azules","Uso el azules en una situacion diaria.","Mi hija tiene los ojos azules.","내 딸은 눈이 파래요.","My daughter has blue eyes.","娘は青い目をしています。"
a1_0451,"banco","Uso el banco en una situacion diaria.","El banco abre a las ocho y media.","은행은 8시 반에 열어요.","The bank opens at half past eight.","銀行は8時半に開きます。"
a1_0452,"bañador","Uso el bañador en una situacion diaria.","Necesito un bañador nuevo para el verano.","여름용 새 수영복이 필요해요.","I need a new swimsuit for the summer.","夏用の新しい水着が必要です。"
a1_0453,"bebé","Uso el bebé en una situacion diaria.","El bebé duerme tres veces al día.","아기는 하루에 세 번 자요.","The baby sleeps three times a day.","赤ちゃんは1日に3回寝ます。"
a1_0454,"bigote","Uso el bigote en una situacion diaria.","Mi padre lleva bigote desde joven.","아버지는 젊을 때부터 콧수염을 기르세요.","My father has worn a mustache since he was young.","父は若い頃から口ひげを生やしています。"
a1_0455,"biquini","Uso el biquini en una situacion diaria.","Llevo el biquini en la bolsa de playa.","비치백에 비키니를 넣어 가요.","I carry my bikini in the beach bag.","ビーチバッグにビキニを入れています。"
a1_0456,"blanco","Uso el blanco en una situacion diaria.","El vestido blanco es para la boda.","흰 드레스는 결혼식용이에요.","The white dress is for the wedding.","白いドレスは結婚式用です。"
a1_0457,"bocadillo","Uso el bocadillo en una situacion diaria.","Como un bocadillo de queso al mediodía.","점심에 치즈 샌드위치를 먹어요.","I eat a cheese sandwich at noon.","昼にチーズサンドを食べます。"
a1_0458,"bolso","Uso el bolso en una situacion diaria.","Llevo el libro en el bolso.","가방에 책을 넣고 다녀요.","I carry the book in my bag.","かばんに本を入れて持ち歩きます。"
a1_0459,"bombero","Uso el bombero en una situacion diaria.","El bombero apaga el fuego.","소방관이 불을 꺼요.","The firefighter puts out the fire.","消防士が火を消します。"
a1_0461,"botas","Uso el botas en una situacion diaria.","En invierno llevo botas de piel.","겨울에는 가죽 부츠를 신어요.","In winter I wear leather boots.","冬は革のブーツを履きます。"
a1_0462,"brazo","Uso el brazo en una situacion diaria.","Me duele el brazo derecho.","오른팔이 아파요.","My right arm hurts.","右腕が痛いです。"
a1_0463,"calcetines","Uso el calcetines en una situacion diaria.","Compro calcetines de algodón.","면 양말을 사요.","I buy cotton socks.","綿の靴下を買います。"
a1_0464,"calvo","Uso el calvo en una situacion diaria.","Mi profesor es calvo y lleva gafas.","우리 선생님은 대머리에 안경을 쓰세요.","My teacher is bald and wears glasses.","私の先生ははげていて眼鏡をかけています。"
a1_0465,"calzoncillo","Uso el calzoncillo en una situacion diaria.","El calzoncillo está en el cajón.","팬티는 서랍에 있어요.","The underpants are in the drawer.","下着は引き出しにあります。"
a1_0466,"cama","Uso el cama en una situacion diaria.","La cama del hotel es muy cómoda.","호텔 침대가 아주 편해요.","The hotel bed is very comfortable.","ホテルのベッドはとても快適です。"
a1_0467,"camarero","Uso el camarero en una situacion diaria.","El camarero trae el menú.","웨이터가 메뉴를 가져와요.","The waiter brings the menu.","ウェイターがメニューを持ってきます。"
a1_0468,"campo","Uso el campo en una situacion diaria.","Mis abuelos viven en el campo.","조부모님은 시골에 사세요.","My grandparents live in the countryside.","祖父母は田舎に住んでいます。"
a1_0469,"canción","Uso el canción en una situacion diaria.","Esta canción es muy famosa en España.","이 노래는 스페인에서 아주 유명해요.","This song is very famous in Spain.","この歌はスペインでとても有名です。"
a1_0470,"carne","Uso el carne en una situacion diaria.","No como carne los viernes.","금요일에는 고기를 안 먹어요.","I do not eat meat on Fridays.","金曜日は肉を食べません。"
a1_0473,"céntimo","Uso el céntimo en una situacion diaria.","El pan cuesta noventa céntimos.","빵은 90센트예요.","The bread costs ninety cents.","パンは90セントです。"
a1_0475,"centro","Uso el centro en una situacion diaria.","Vivo en el centro de la ciudad.","나는 시내 중심에 살아요.","I live in the city center.","市の中心部に住んでいます。"
a1_0476,"cerdo","Uso el cerdo en una situacion diaria.","El cerdo vive en la granja.","돼지는 농장에 살아요.","The pig lives on the farm.","豚は農場にいます。"
a1_0477,"cereales","Uso el cereales en una situacion diaria.","Desayuno cereales con leche.","아침으로 우유에 시리얼을 먹어요.","I have cereal with milk for breakfast.","朝食に牛乳をかけたシリアルを食べます。"
a1_0478,"chalé","Uso el chalé en una situacion diaria.","Mis tíos tienen un chalé en la montaña.","이모네는 산에 샬레가 있어요.","My aunt and uncle have a chalet in the mountains.","おじ夫婦は山にシャレーを持っています。"
a1_0479,"champú","Uso el champú en una situacion diaria.","Este champú huele muy bien.","이 샴푸는 향이 아주 좋아요.","This shampoo smells very good.","このシャンプーはとてもいい香りです。"
a1_0480,"chat","Uso el chat en una situacion diaria.","Hablo con mis amigos por el chat.","친구들과 채팅으로 이야기해요.","I talk with my friends on the chat.","チャットで友達と話します。"
a1_0481,"chef","Uso el chef en una situacion diaria.","El chef prepara un plato especial.","셰프가 특별 요리를 준비해요.","The chef prepares a special dish.","シェフが特別料理を用意します。"
a1_0482,"chino","Uso el chino en una situacion diaria.","Mi compañera estudia chino en la universidad.","내 동료는 대학에서 중국어를 공부해요.","My classmate studies Chinese at university.","私の仲間は大学で中国語を勉強しています。"
a1_0483,"chocolate","Uso el chocolate en una situacion diaria.","De postre hay tarta de chocolate.","디저트로 초콜릿 케이크가 있어요.","For dessert there is chocolate cake.","デザートにチョコレートケーキがあります。"
a1_0484,"cine","Uso el cine en una situacion diaria.","Vamos al cine este viernes.","이번 금요일에 영화관에 가요.","We are going to the cinema this Friday.","今週の金曜日に映画館へ行きます。"
a1_0487,"cocinero","Uso el cocinero en una situacion diaria.","El cocinero prepara la sopa del día.","요리사가 오늘의 수프를 만들어요.","The cook prepares the soup of the day.","料理人が本日のスープを作ります。"
a1_0488,"color","Uso el color en una situacion diaria.","¿De qué color es tu coche?","네 차는 무슨 색이야?","What color is your car?","あなたの車は何色ですか。"
a1_0490,"comprador","Uso el comprador en una situacion diaria.","El comprador paga en la caja.","구매자가 계산대에서 결제해요.","The buyer pays at the checkout.","購入者がレジで支払います。"
a1_0491,"comunicado","Uso el comunicado en una situacion diaria.","La empresa publica un comunicado hoy.","회사가 오늘 성명서를 발표해요.","The company publishes a statement today.","会社は今日声明を発表します。"
a1_0492,"concierto","Uso el concierto en una situacion diaria.","Tengo entradas para el concierto.","콘서트 티켓이 있어요.","I have tickets for the concert.","コンサートのチケットがあります。"
a1_0493,"cordero","Uso el cordero en una situacion diaria.","El cordero asado es típico aquí.","여기는 양고기 구이가 유명해요.","Roast lamb is typical here.","ここでは子羊のローストが名物です。"
a1_0494,"corto","Uso el corto en una situacion diaria.","En verano llevo pantalón corto.","여름에는 반바지를 입어요.","In summer I wear short pants.","夏は短パンをはきます。"
a1_0495,"crema","Uso el crema en una situacion diaria.","Uso crema para el sol en la playa.","해변에서 선크림을 발라요.","I use sun cream at the beach.","ビーチで日焼け止めクリームを塗ります。"
a1_0496,"cumpleaños","Uso el cumpleaños en una situacion diaria.","Mi cumpleaños es el diez de marzo.","내 생일은 3월 10일이에요.","My birthday is March 10th.","私の誕生日は3月10日です。"
a1_0497,"currículum","Uso el currículum en una situacion diaria.","Envío mi currículum a la empresa.","회사에 이력서를 보내요.","I send my resume to the company.","会社に履歴書を送ります。"
a1_0498,"dedo","Uso el dedo en una situacion diaria.","Me corto el dedo con el papel.","종이에 손가락을 베였어요.","I cut my finger on the paper.","紙で指を切ってしまいました。"
a1_0499,"delgado","Uso el delgado en una situacion diaria.","Mi gato es delgado y rápido.","우리 고양이는 날씬하고 빨라요.","My cat is thin and fast.","うちの猫はスリムで素早いです。"
a2_0001,"adulto","La palabra ""adulto"" aparece en la lista.","La entrada de adulto cuesta diez euros.","성인 입장권은 10유로예요.","The adult ticket costs ten euros.","大人の入場券は10ユーロです。"
a2_0002,"agricultor","La palabra ""agricultor"" aparece en la lista.","El agricultor cultiva tomates y maíz.","농부가 토마토와 옥수수를 재배해요.","The farmer grows tomatoes and corn.","農家はトマトとトウモロコシを育てています。"
a2_0003,"ancho","La palabra ""ancho"" aparece en la lista.","Este río es muy ancho.","이 강은 아주 넓어요.","This river is very wide.","この川はとても幅が広いです。"
a2_0004,"araña","La palabra ""araña"" aparece en la lista.","Hay una araña en el techo.","천장에 거미가 있어요.","There is a spider on the ceiling.","天井にクモがいます。"
a2_0005,"arquitecto","La palabra ""arquitecto"" aparece en la lista.","El arquitecto diseña el nuevo museo.","건축가가 새 박물관을 설계해요.","The architect designs the new museum.","建築家が新しい博物館を設計します。"
a2_0006,"arte","La palabra ""arte"" aparece en la lista.","Me interesa el arte moderno.","현대 예술에 관심이 있어요.","I am interested in modern art.","現代アートに興味があります。"
a2_0007,"azafata","La palabra ""azafata"" aparece en la lista.","La azafata sirve bebidas en el avión.","승무원이 기내에서 음료를 제공해요.","The flight attendant serves drinks on the plane.","客室乗務員が機内で飲み物を出します。"
a2_0008,"bosque","La palabra ""bosque"" aparece en la lista.","Paseamos por el bosque en otoño.","가을에 숲을 산책해요.","We walk through the forest in autumn.","秋に森を散歩します。"
a2_0009,"caballo","La palabra ""caballo"" aparece en la lista.","El caballo corre por el campo.","말이 들판을 달려요.","The horse runs through the field.","馬が野原を走っています。"
a2_0010,"cámara","La palabra ""cámara"" aparece en la lista.","Llevo la cámara para hacer fotos.","사진 찍으려고 카메라를 가져가요.","I take the camera to take photos.","写真を撮るためにカメラを持っていきます。"
a2_0011,"castillo","La palabra ""castillo"" aparece en la lista.","El castillo está en lo alto de la colina.","성은 언덕 꼭대기에 있어요.","The castle is at the top of the hill.","城は丘の上にあります。"
a2_0012,"CD-ROM","La palabra ""CD-ROM"" aparece en la lista.","Este ordenador viejo lee CD-ROM.","이 오래된 컴퓨터는 CD롬을 읽어요.","This old computer reads CD-ROMs.","この古いパソコンはCD-ROMを読み込めます。"
a2_0013,"centímetro","La palabra ""centímetro"" aparece en la lista.","La mesa mide un centímetro más que la otra.","이 테이블은 다른 것보다 1센티미터 더 커요.","The table measures one centimeter more than the other.","このテーブルはもう一つより1センチ大きいです。"
a2_0014,"chatear","La palabra ""chatear"" aparece en la lista.","Me gusta chatear con amigos de otros países.","다른 나라 친구들과 채팅하는 걸 좋아해요.","I like chatting online with friends from other countries.","外国の友達とチャットするのが好きです。"
a2_0015,"cielo","La palabra ""cielo"" aparece en la lista.","El cielo está lleno de estrellas.","하늘이 별로 가득해요.","The sky is full of stars.","空は星でいっぱいです。"
a2_0016,"ciencia","La palabra ""ciencia"" aparece en la lista.","La ciencia avanza muy rápido.","과학은 아주 빠르게 발전해요.","Science advances very fast.","科学はとても速く進歩します。"
a2_0017,"científico","La palabra ""científico"" aparece en la lista.","El científico trabaja en el laboratorio.","과학자가 실험실에서 일해요.","The scientist works in the laboratory.","科学者は研究室で働いています。"
a2_0018,"cosmopolita","La palabra ""cosmopolita"" aparece en la lista.","Nueva York es una ciudad cosmopolita.","뉴욕은 국제적인 도시예요.","New York is a cosmopolitan city.","ニューヨークは国際的な都市です。"
a2_0019,"costa","La palabra ""costa"" aparece en la lista.","El pueblo está en la costa del sur.","그 마을은 남쪽 해안에 있어요.","The town is on the southern coast.","その町は南の海岸にあります。"
a2_0020,"cristal","La palabra ""cristal"" aparece en la lista.","La mesa tiene una tapa de cristal.","테이블 상판이 유리로 되어 있어요.","The table has a glass top.","テーブルの天板はガラスです。"
a2_0021,"cuadrado","La palabra ""cuadrado"" aparece en la lista.","El salón tiene un espejo cuadrado.","거실에 정사각형 거울이 있어요.","The living room has a square mirror.","リビングに四角い鏡があります。"
a2_0022,"cuadro","La palabra ""cuadro"" aparece en la lista.","Este cuadro es de un pintor famoso.","이 그림은 유명한 화가의 작품이에요.","This painting is by a famous painter.","この絵は有名な画家の作品です。"
a2_0023,"debajo","La palabra ""debajo"" aparece en la lista.","El gato está debajo de la mesa.","고양이가 테이블 아래에 있어요.","The cat is under the table.","猫はテーブルの下にいます。"
a2_0024,"decir","La palabra ""decir"" aparece en la lista.","¿Me puedes decir la hora, por favor?","지금 몇 시인지 말해 줄래요?","Can you tell me the time, please?","時間を教えてもらえますか。"
a2_0025,"delante","La palabra ""delante"" aparece en la lista.","El taxi espera delante del hotel.","택시가 호텔 앞에서 기다려요.","The taxi waits in front of the hotel.","タクシーはホテルの前で待っています。"
a2_0026,"demasiado","La palabra ""demasiado"" aparece en la lista.","Este café tiene demasiado azúcar.","이 커피는 설탕이 너무 많아요.","This coffee has too much sugar.","このコーヒーは砂糖が多すぎます。"
a2_0027,"dentro","La palabra ""dentro"" aparece en la lista.","Las llaves están dentro del bolso.","열쇠는 가방 안에 있어요.","The keys are inside the bag.","鍵はかばんの中にあります。"
a2_0028,"desde","La palabra ""desde"" aparece en la lista.","Trabajo aquí desde el año pasado.","작년부터 여기서 일해요.","I have worked here since last year.","去年からここで働いています。"
a2_0029,"desierto","La palabra ""desierto"" aparece en la lista.","El desierto de Atacama está en Chile.","아타카마 사막은 칠레에 있어요.","The Atacama Desert is in Chile.","アタカマ砂漠はチリにあります。"
a2_0030,"detrás","La palabra ""detrás"" aparece en la lista.","El jardín está detrás de la casa.","정원은 집 뒤에 있어요.","The garden is behind the house.","庭は家の後ろにあります。"
a2_0031,"diferente","La palabra ""diferente"" aparece en la lista.","Cada país tiene una cultura diferente.","나라마다 문화가 달라요.","Each country has a different culture.","国ごとに文化が違います。"
a2_0032,"ejército","La palabra ""ejército"" aparece en la lista.","Mi primo trabaja en el ejército.","내 사촌은 군대에서 일해요.","My cousin works in the army.","いとこは軍隊で働いています。"
a2_0033,"enfrente","La palabra ""enfrente"" aparece en la lista.","La farmacia está enfrente del banco.","약국은 은행 맞은편에 있어요.","The pharmacy is opposite the bank.","薬局は銀行の向かいにあります。"
a2_0034,"escritor","La palabra ""escritor"" aparece en la lista.","El escritor firma libros en la feria.","작가가 도서전에서 사인을 해요.","The writer signs books at the fair.","作家がブックフェアでサインをしています。"
a2_0035,"esquina","La palabra ""esquina"" aparece en la lista.","Nos vemos en la esquina de tu calle.","네 동네 모퉁이에서 만나자.","See you at the corner of your street.","あなたの通りの角で会いましょう。"
a2_0036,"estatua","La palabra ""estatua"" aparece en la lista.","Hay una estatua en el centro de la plaza.","광장 중앙에 동상이 있어요.","There is a statue in the center of the square.","広場の中央に像があります。"
a2_0037,"estrecho","La palabra ""estrecho"" aparece en la lista.","Este pasillo es muy estrecho.","이 복도는 아주 좁아요.","This hallway is very narrow.","この廊下はとても狭いです。"
a2_0038,"estrella","La palabra ""estrella"" aparece en la lista.","Esa estrella brilla mucho esta noche.","오늘 밤 저 별이 아주 밝게 빛나요.","That star shines a lot tonight.","今夜あの星はとても明るく輝いています。"
a2_0039,"flamenco","La palabra ""flamenco"" aparece en la lista.","Vemos un espectáculo de flamenco en Sevilla.","세비야에서 플라멩코 공연을 봐요.","We watch a flamenco show in Seville.","セビリアでフラメンコのショーを見ます。"
a2_0040,"fotógrafo","La palabra ""fotógrafo"" aparece en la lista.","El fotógrafo hace fotos de la boda.","사진작가가 결혼식 사진을 찍어요.","The photographer takes photos of the wedding.","カメラマンが結婚式の写真を撮ります。"
a2_0041,"fuera","La palabra ""fuera"" aparece en la lista.","Los niños juegan fuera de la casa.","아이들이 집 밖에서 놀아요.","The children play outside the house.","子どもたちは家の外で遊んでいます。"
a2_0042,"gato","La palabra ""gato"" aparece en la lista.","Mi gato duerme todo el día.","우리 고양이는 하루 종일 자요.","My cat sleeps all day.","うちの猫は一日中寝ています。"
a2_0043,"gorro","La palabra ""gorro"" aparece en la lista.","En invierno llevo un gorro de lana.","겨울에는 털모자를 써요.","In winter I wear a wool hat.","冬はウールの帽子をかぶります。"
a2_0044,"guerra","La palabra ""guerra"" aparece en la lista.","La guerra terminó hace muchos años.","전쟁은 아주 오래전에 끝났어요.","The war ended many years ago.","戦争はずっと昔に終わりました。"
a2_0045,"habitante","La palabra ""habitante"" aparece en la lista.","Cada habitante recicla su basura aquí.","여기서는 주민 각자가 쓰레기를 재활용해요.","Each inhabitant recycles their trash here.","ここでは住民それぞれがゴミをリサイクルします。"
a2_0046,"importante","La palabra ""importante"" aparece en la lista.","Dormir bien es muy importante.","잘 자는 것은 아주 중요해요.","Sleeping well is very important.","よく眠ることはとても大切です。"
a2_0047,"impresionante","La palabra ""impresionante"" aparece en la lista.","La vista desde la torre es impresionante.","탑에서 보는 전망이 인상적이에요.","The view from the tower is impressive.","塔からの眺めは圧巻です。"
a2_0048,"increíble","La palabra ""increíble"" aparece en la lista.","El final de la película es increíble.","영화 결말이 놀라워요.","The end of the movie is amazing.","映画の結末は驚きです。"
a2_0049,"industrial","La palabra ""industrial"" aparece en la lista.","Esta es una zona industrial de la ciudad.","여기는 도시의 산업 지역이에요.","This is an industrial area of the city.","ここは市の工業地帯です。"
a2_0050,"informático","La palabra ""informático"" aparece en la lista.","El informático repara mi ordenador.","IT 기술자가 내 컴퓨터를 고쳐요.","The IT specialist repairs my computer.","IT技術者が私のパソコンを修理します。"
a2_0051,"isla","La palabra ""isla"" aparece en la lista.","Mallorca es una isla española.","마요르카는 스페인의 섬이에요.","Mallorca is a Spanish island.","マヨルカはスペインの島です。"
a2_0052,"jazz","La palabra ""jazz"" aparece en la lista.","Escuchamos jazz en un café pequeño.","작은 카페에서 재즈를 들어요.","We listen to jazz in a small cafe.","小さなカフェでジャズを聴きます。"
a2_0053,"juez","La palabra ""juez"" aparece en la lista.","El juez escucha a los dos abogados.","판사가 두 변호사의 말을 들어요.","The judge listens to both lawyers.","裁判官は両方の弁護士の話を聞きます。"
a2_0054,"literatura","La palabra ""literatura"" aparece en la lista.","Estudio literatura española en la universidad.","대학에서 스페인 문학을 공부해요.","I study Spanish literature at university.","大学でスペイン文学を勉強しています。"
a2_0055,"luna","La palabra ""luna"" aparece en la lista.","La luna se ve enorme esta noche.","오늘 밤 달이 아주 크게 보여요.","The moon looks huge tonight.","今夜は月がとても大きく見えます。"
a2_0056,"madera","La palabra ""madera"" aparece en la lista.","Esta silla es de madera de pino.","이 의자는 소나무 목재로 만들었어요.","This chair is made of pine wood.","この椅子は松の木でできています。"
a2_0057,"mañanas","La palabra ""mañanas"" aparece en la lista.","Las mañanas de invierno son frías.","겨울 아침은 추워요.","Winter mornings are cold.","冬の朝は寒いです。"
a2_0058,"margarita","La palabra ""margarita"" aparece en la lista.","La margarita es una flor blanca.","데이지는 하얀 꽃이에요.","The daisy is a white flower.","マーガレットは白い花です。"
a2_0059,"mecánico","La palabra ""mecánico"" aparece en la lista.","El mecánico revisa el motor del coche.","정비공이 차 엔진을 점검해요.","The mechanic checks the car engine.","整備士が車のエンジンを点検します。"
a2_0060,"mediano","La palabra ""mediano"" aparece en la lista.","Quiero una pizza de tamaño mediano.","중간 크기 피자를 주세요.","I want a medium-sized pizza.","Mサイズのピザをください。"
a2_0061,"mejor","La palabra ""mejor"" aparece en la lista.","Tu idea es mejor que la mía.","네 아이디어가 내 것보다 나아.","Your idea is better than mine.","あなたのアイデアは私のより良いです。"
a2_0062,"metal","La palabra ""metal"" aparece en la lista.","Esta puerta es de metal.","이 문은 금속으로 되어 있어요.","This door is made of metal.","このドアは金属製です。"
a2_0063,"ministro","La palabra ""ministro"" aparece en la lista.","El ministro habla en la televisión.","장관이 TV에서 발언해요.","The minister speaks on television.","大臣がテレビで話しています。"
a2_0064,"mosca","La palabra ""mosca"" aparece en la lista.","Hay una mosca en la cocina.","부엌에 파리가 한 마리 있어요.","There is a fly in the kitchen.","台所にハエが1匹います。"
a2_0065,"mosquito","La palabra ""mosquito"" aparece en la lista.","Un mosquito me pica en el brazo.","모기가 팔을 물어요.","A mosquito bites me on the arm.","蚊に腕を刺されました。"
a2_0066,"mundo","La palabra ""mundo"" aparece en la lista.","Quiero viajar por todo el mundo.","전 세계를 여행하고 싶어요.","I want to travel around the whole world.","世界中を旅したいです。"
a2_0067,"músico","La palabra ""músico"" aparece en la lista.","El músico toca la guitarra en la calle.","음악가가 거리에서 기타를 쳐요.","The musician plays the guitar on the street.","音楽家が路上でギターを弾いています。"
a2_0068,"naturaleza","La palabra ""naturaleza"" aparece en la lista.","Me gusta la naturaleza de esta región.","이 지역의 자연이 마음에 들어요.","I like the nature of this region.","この地方の自然が好きです。"
a2_0069,"Navidad","La palabra ""Navidad"" aparece en la lista.","En Navidad ceno con toda mi familia.","크리스마스에는 온 가족과 저녁을 먹어요.","At Christmas I have dinner with my whole family.","クリスマスには家族全員で夕食をとります。"
a2_0070,"niebla","La palabra ""niebla"" aparece en la lista.","Hay mucha niebla en la carretera.","도로에 안개가 짙어요.","There is a lot of fog on the road.","道路に霧が濃く出ています。"
a2_0071,"Nordeste","La palabra ""Nordeste"" aparece en la lista.","El viento viene del Nordeste.","바람이 북동쪽에서 불어와요.","The wind comes from the northeast.","風は北東から吹いています。"
a2_0072,"Noroeste","La palabra ""Noroeste"" aparece en la lista.","Galicia está en el Noroeste de España.","갈리시아는 스페인 북서쪽에 있어요.","Galicia is in the northwest of Spain.","ガリシアはスペインの北西にあります。"
a2_0073,"nube","La palabra ""nube"" aparece en la lista.","Una nube gris tapa el sol.","회색 구름이 해를 가려요.","A gray cloud covers the sun.","灰色の雲が太陽を隠しています。"
a2_0074,"olivo","La palabra ""olivo"" aparece en la lista.","El olivo es un árbol del Mediterráneo.","올리브 나무는 지중해의 나무예요.","The olive tree is a Mediterranean tree.","オリーブは地中海の木です。"
a2_0075,"oscuro","La palabra ""oscuro"" aparece en la lista.","Este pasillo está muy oscuro.","이 복도는 아주 어두워요.","This hallway is very dark.","この廊下はとても暗いです。"
a2_0076,"pájaro","La palabra ""pájaro"" aparece en la lista.","Un pájaro canta en la ventana.","새 한 마리가 창가에서 노래해요.","A bird sings at the window.","鳥が窓辺でさえずっています。"
a2_0077,"palacio","La palabra ""palacio"" aparece en la lista.","El palacio real tiene muchos salones.","왕궁에는 홀이 많아요.","The royal palace has many halls.","王宮にはたくさんの広間があります。"
a2_0078,"paz","La palabra ""paz"" aparece en la lista.","Todos queremos vivir en paz.","우리 모두 평화롭게 살고 싶어요.","We all want to live in peace.","私たちは皆平和に暮らしたいです。"
a2_0079,"PC","La palabra ""PC"" aparece en la lista.","Uso el PC de la oficina para trabajar.","일할 때 사무실 PC를 써요.","I use the office PC to work.","仕事にオフィスのPCを使います。"
a2_0080,"peatonal","La palabra ""peatonal"" aparece en la lista.","Esta es una calle peatonal sin coches.","여기는 차가 없는 보행자 전용 거리예요.","This is a pedestrian street without cars.","ここは車のない歩行者専用道路です。"
a2_0081,"peor","La palabra ""peor"" aparece en la lista.","El tiempo hoy es peor que ayer.","오늘 날씨는 어제보다 나빠요.","The weather today is worse than yesterday.","今日の天気は昨日より悪いです。"
a2_0082,"pequeña","La palabra ""pequeña"" aparece en la lista.","Vivimos en una casa pequeña con jardín.","우리는 정원이 있는 작은 집에 살아요.","We live in a small house with a garden.","庭付きの小さな家に住んでいます。"
a2_0083,"perfecto","La palabra ""perfecto"" aparece en la lista.","El plan del viaje es perfecto.","여행 계획이 완벽해요.","The travel plan is perfect.","旅行の計画は完璧です。"
a2_0084,"perro","La palabra ""perro"" aparece en la lista.","Mi perro corre detrás de la pelota.","우리 개가 공을 쫓아 달려요.","My dog runs after the ball.","うちの犬はボールを追いかけて走ります。"
a2_0085,"pez","La palabra ""pez"" aparece en la lista.","Hay un pez naranja en el acuario.","수족관에 주황색 물고기가 있어요.","There is an orange fish in the aquarium.","水槽にオレンジ色の魚がいます。"
a2_0086,"pino","La palabra ""pino"" aparece en la lista.","El pino crece en la montaña.","소나무는 산에서 자라요.","The pine grows in the mountains.","松は山で育ちます。"
a2_0087,"pintar","La palabra ""pintar"" aparece en la lista.","Vamos a pintar la pared de azul.","벽을 파란색으로 칠할 거예요.","We are going to paint the wall blue.","壁を青く塗るつもりです。"
a2_0088,"pintor","La palabra ""pintor"" aparece en la lista.","El pintor trabaja en su estudio.","화가가 작업실에서 작업해요.","The painter works in his studio.","画家はアトリエで作業しています。"
a2_0089,"planeta","La palabra ""planeta"" aparece en la lista.","Marte es el planeta rojo.","화성은 붉은 행성이에요.","Mars is the red planet.","火星は赤い惑星です。"
a2_0090,"plástico","La palabra ""plástico"" aparece en la lista.","Esta botella es de plástico reciclado.","이 병은 재활용 플라스틱으로 만들었어요.","This bottle is made of recycled plastic.","このボトルは再生プラスチック製です。"
a2_0091,"pobre","La palabra ""pobre"" aparece en la lista.","La familia es pobre pero muy alegre.","그 가족은 가난하지만 아주 밝아요.","The family is poor but very cheerful.","その家族は貧しいけれどとても明るいです。"
a2_0092,"poesía","La palabra ""poesía"" aparece en la lista.","Leo poesía antes de dormir.","자기 전에 시를 읽어요.","I read poetry before sleeping.","寝る前に詩を読みます。"
a2_0093,"política","La palabra ""política"" aparece en la lista.","No me gusta hablar de política en el trabajo.","직장에서 정치 이야기하는 걸 안 좋아해요.","I do not like talking about politics at work.","職場で政治の話をするのは好きではありません。"
a2_0094,"pop","La palabra ""pop"" aparece en la lista.","La música pop es popular entre los jóvenes.","팝 음악은 젊은이들에게 인기가 많아요.","Pop music is popular among young people.","ポップスは若者に人気があります。"
a2_0095,"princesa","La palabra ""princesa"" aparece en la lista.","La princesa vive en el palacio.","공주는 궁전에 살아요.","The princess lives in the palace.","王女は宮殿に住んでいます。"
a2_0096,"príncipe","La palabra ""príncipe"" aparece en la lista.","El príncipe visita el hospital infantil.","왕자가 어린이 병원을 방문해요.","The prince visits the children's hospital.","王子が子ども病院を訪問します。"
a2_0097,"Ramadán","La palabra ""Ramadán"" aparece en la lista.","Durante el Ramadán no se come de día.","라마단 기간에는 낮에 먹지 않아요.","During Ramadan people do not eat during the day.","ラマダンの間、日中は食事をしません。"
a2_0098,"redondo","La palabra ""redondo"" aparece en la lista.","El espejo del baño es redondo.","욕실 거울은 둥글어요.","The bathroom mirror is round.","浴室の鏡は丸いです。"
a2_0099,"rosa","La palabra ""rosa"" aparece en la lista.","Te regalo una rosa roja.","너에게 빨간 장미를 선물할게.","I give you a red rose.","赤いバラをあなたに贈ります。"
a2_0100,"rueda","La palabra ""rueda"" aparece en la lista.","La rueda de la bici está pinchada.","자전거 바퀴에 펑크가 났어요.","The bike wheel is punctured.","自転車のタイヤがパンクしています。"
a2_0101,"Sabbat","La palabra ""Sabbat"" aparece en la lista.","El Sabbat empieza el viernes por la noche.","안식일은 금요일 밤에 시작해요.","The Sabbath begins on Friday night.","安息日は金曜日の夜に始まります。"
a2_0102,"seco","La palabra ""seco"" aparece en la lista.","El clima de esta zona es muy seco.","이 지역 기후는 아주 건조해요.","The climate in this area is very dry.","この地域の気候はとても乾燥しています。"
a2_0103,"semanas","La palabra ""semanas"" aparece en la lista.","Las vacaciones duran dos semanas.","휴가는 2주 동안이에요.","The vacation lasts two weeks.","休暇は2週間です。"
a2_0104,"Sudeste","La palabra ""Sudeste"" aparece en la lista.","Valencia está en el Sudeste del país.","발렌시아는 나라의 남동쪽에 있어요.","Valencia is in the southeast of the country.","バレンシアは国の南東にあります。"
a2_0105,"Suroeste","La palabra ""Suroeste"" aparece en la lista.","Sevilla está en el Suroeste de España.","세비야는 스페인 남서쪽에 있어요.","Seville is in the southwest of Spain.","セビリアはスペインの南西にあります。"
a2_0106,"tango","La palabra ""tango"" aparece en la lista.","El tango nace en Argentina.","탱고는 아르헨티나에서 탄생했어요.","Tango was born in Argentina.","タンゴはアルゼンチンで生まれました。"
a2_0107,"tela","La palabra ""tela"" aparece en la lista.","Esta tela es suave y ligera.","이 직물은 부드럽고 가벼워요.","This fabric is soft and light.","この布は柔らかくて軽いです。"
a2_0108,"típico","La palabra ""típico"" aparece en la lista.","La paella es un plato típico de Valencia.","파에야는 발렌시아의 전형적인 요리예요.","Paella is a typical dish from Valencia.","パエリアはバレンシアの代表的な料理です。"
a2_0109,"tormenta","La palabra ""tormenta"" aparece en la lista.","La tormenta llega esta madrugada.","폭풍이 새벽에 몰려와요.","The storm arrives at dawn.","嵐は明け方にやって来ます。"
a2_0110,"única","La palabra ""única"" aparece en la lista.","Esta iglesia es única en Europa.","이 교회는 유럽에서 유일무이해요.","This church is unique in Europe.","この教会はヨーロッパで唯一のものです。"
a2_0111,"vaca","La palabra ""vaca"" aparece en la lista.","La vaca come hierba en el prado.","소가 초원에서 풀을 먹어요.","The cow eats grass in the meadow.","牛が牧場で草を食べています。"
a2_0112,"verdad","La palabra ""verdad"" aparece en la lista.","Siempre digo la verdad a mis padres.","부모님께는 항상 진실을 말해요.","I always tell my parents the truth.","両親にはいつも本当のことを言います。"
a2_0113,"violín","La palabra ""violín"" aparece en la lista.","Mi hija toca el violín desde pequeña.","딸은 어릴 때부터 바이올린을 켜요.","My daughter has played the violin since she was little.","娘は小さい頃からバイオリンを弾いています。"
a2_0114,"ya","La palabra ""ya"" aparece en la lista.","El tren ya está en la estación.","기차가 이미 역에 와 있어요.","The train is already at the station.","列車はもう駅に着いています。"
a2_0115,"antes de","La palabra ""antes de"" aparece en la lista.","Me lavo las manos antes de comer.","먹기 전에 손을 씻어요.","I wash my hands before eating.","食べる前に手を洗います。"
a2_0116,"compañero de clase","La palabra ""compañero de clase"" aparece en la lista.","Luis es mi compañero de clase.","루이스는 내 동급생이에요.","Luis is my classmate.","ルイスは私のクラスメートです。"
a2_0117,"cuarto de hora","La palabra ""cuarto de hora"" aparece en la lista.","El descanso dura un cuarto de hora.","휴식 시간은 15분이에요.","The break lasts a quarter of an hour.","休憩は15分間です。"
a2_0118,"después de","La palabra ""después de"" aparece en la lista.","Tomo café después de comer.","식사 후에 커피를 마셔요.","I have coffee after eating.","食後にコーヒーを飲みます。"
a2_0119,"dirección electrónica","La palabra ""dirección electrónica"" aparece en la lista.","Escribe tu dirección electrónica en el registro.","등록란에 이메일 주소를 적으세요.","Write your email address on the registration.","登録欄にメールアドレスを書いてください。"
a2_0120,"esta mañana","La palabra ""esta mañana"" aparece en la lista.","Esta mañana he ido al mercado.","오늘 아침에 시장에 다녀왔어요.","This morning I went to the market.","今朝、市場に行ってきました。"
a2_0121,"esta noche","La palabra ""esta noche"" aparece en la lista.","Esta noche cenamos con mis padres.","오늘 밤은 부모님과 저녁을 먹어요.","Tonight we have dinner with my parents.","今夜は両親と夕食をとります。"
a2_0122,"esta semana","La palabra ""esta semana"" aparece en la lista.","Esta semana tengo mucho trabajo.","이번 주는 일이 많아요.","This week I have a lot of work.","今週は仕事がたくさんあります。"
a2_0123,"esta tarde","La palabra ""esta tarde"" aparece en la lista.","Esta tarde voy al gimnasio.","오늘 오후에 체육관에 가요.","This afternoon I go to the gym.","今日の午後、ジムに行きます。"
a2_0124,"este mes","La palabra ""este mes"" aparece en la lista.","Este mes empiezo un curso de inglés.","이번 달에 영어 강좌를 시작해요.","This month I start an English course.","今月、英語の講座を始めます。"
a2_0125,"media hora","La palabra ""media hora"" aparece en la lista.","La clase empieza en media hora.","수업은 30분 후에 시작해요.","The class starts in half an hour.","授業は30分後に始まります。"
a2_0126,"mensaje electrónico","La palabra ""mensaje electrónico"" aparece en la lista.","Recibo un mensaje electrónico del banco.","은행에서 전자 메시지를 받아요.","I receive an electronic message from the bank.","銀行から電子メッセージを受け取ります。"
a2_0127,"persona mayor","La palabra ""persona mayor"" aparece en la lista.","Cedo mi asiento a una persona mayor.","어르신께 자리를 양보해요.","I give my seat to an elderly person.","お年寄りに席を譲ります。"
a2_0128,"plato combinado","La palabra ""plato combinado"" aparece en la lista.","Pido un plato combinado con pollo.","치킨이 든 모둠 요리를 주문해요.","I order a combination plate with chicken.","チキン入りのワンプレート料理を注文します。"
a2_0129,"tarjeta de visita","La palabra ""tarjeta de visita"" aparece en la lista.","Te doy mi tarjeta de visita.","제 명함을 드릴게요.","I give you my business card.","名刺をお渡しします。"
a2_0130,"tarjeta telefónica","La palabra ""tarjeta telefónica"" aparece en la lista.","Compro una tarjeta telefónica en el quiosco.","가판대에서 전화 카드를 사요.","I buy a calling card at the kiosk.","キオスクでテレホンカードを買います。"
a2_0131,"acostarse","Voy a acostarme esta tarde.","Es sano acostarse temprano.","일찍 잠자리에 드는 것이 건강에 좋아요.","It is healthy to go to bed early.","早く寝るのは健康に良いです。"
a2_0132,"creer","Voy a creer esta tarde.","No puedo creer esta noticia.","이 소식을 믿을 수가 없어요.","I cannot believe this news.","このニュースが信じられません。"
a2_0133,"mochila","Uso la mochila en una situacion diaria.","Llevo los libros en la mochila.","책들을 배낭에 넣고 다녀요.","I carry the books in my backpack.","本をリュックに入れて持ち歩きます。"
a2_0134,"semana","Uso la semana en una situacion diaria.","La semana que viene tengo vacaciones.","다음 주에 휴가예요.","Next week I have vacation.","来週は休暇です。"
a2_0135,"talla","Uso la talla en una situacion diaria.","¿Tiene esta camisa en talla grande?","이 셔츠 큰 사이즈 있나요?","Do you have this shirt in a large size?","このシャツのLサイズはありますか。"
a2_0136,"volver","Voy a volver esta tarde.","Quiero volver a casa pronto.","집에 빨리 돌아가고 싶어요.","I want to return home soon.","早く家に帰りたいです。"
a2_0137,"abrigo","Uso el abrigo en una situacion diaria.","En enero necesito un abrigo grueso.","1월에는 두꺼운 코트가 필요해요.","In January I need a thick coat.","1月は厚手のコートが必要です。"
a2_0138,"aeropuerto","Uso el aeropuerto en una situacion diaria.","El aeropuerto está lejos del centro.","공항은 시내에서 멀어요.","The airport is far from downtown.","空港は中心街から遠いです。"
a2_0139,"anuncio","Uso el anuncio en una situacion diaria.","Veo un anuncio de un coche nuevo.","새 차 광고를 봐요.","I see an advertisement for a new car.","新車の広告を見ます。"
a2_0140,"ayuntamiento","Uso el ayuntamiento en una situacion diaria.","El ayuntamiento organiza una fiesta popular.","시청이 마을 축제를 준비해요.","The town hall organizes a local festival.","市役所が祭りを企画しています。"
a2_0141,"cambio","Uso el cambio en una situacion diaria.","Hay un cambio en el horario del tren.","기차 시간표에 변경이 있어요.","There is a change in the train schedule.","列車の時刻表に変更があります。"
a2_0142,"cerrado","Uso el cerrado en una situacion diaria.","El museo está cerrado los lunes.","박물관은 월요일마다 닫아요.","The museum is closed on Mondays.","博物館は月曜日は閉まっています。"
a2_0143,"edificio","Uso el edificio en una situacion diaria.","Este edificio tiene veinte pisos.","이 건물은 20층이에요.","This building has twenty floors.","このビルは20階建てです。"
a2_0144,"educación","Uso el educación en una situacion diaria.","La educación es importante para el futuro.","교육은 미래를 위해 중요해요.","Education is important for the future.","教育は将来のために大切です。"
a2_0145,"empresario","Uso el empresario en una situacion diaria.","El empresario abre una nueva tienda.","사업가가 새 가게를 열어요.","The businessman opens a new store.","実業家が新しい店を開きます。"
a2_0146,"enfadado","Uso el enfadado en una situacion diaria.","Mi jefe está enfadado por el retraso.","상사가 지연 때문에 화가 났어요.","My boss is angry about the delay.","上司は遅れに怒っています。"
a2_0147,"enfermero","Uso el enfermero en una situacion diaria.","El enfermero cuida a los pacientes.","간호사가 환자들을 돌봐요.","The nurse takes care of the patients.","看護師が患者の世話をします。"
a2_0148,"enfermo","Uso el enfermo en una situacion diaria.","Hoy no voy a clase, estoy enfermo.","오늘은 아파서 수업에 안 가요.","Today I am not going to class, I am sick.","今日は病気なので授業に行きません。"
a2_0149,"estado","Uso el estado en una situacion diaria.","El paquete llega en buen estado.","소포가 좋은 상태로 도착해요.","The package arrives in good condition.","荷物は良い状態で届きます。"
a2_0150,"estanco","Uso el estanco en una situacion diaria.","Compro sellos en el estanco.","담배 가게에서 우표를 사요.","I buy stamps at the tobacco shop.","タバコ屋で切手を買います。"
a2_0151,"estómago","Uso el estomago en una situacion diaria.","Me duele el estómago después de comer.","먹고 나서 위가 아파요.","My stomach hurts after eating.","食後に胃が痛みます。"
a2_0152,"estudio","Uso el estudio en una situacion diaria.","Termino mi estudio antes de la cena.","저녁 전에 공부를 끝내요.","I finish my studying before dinner.","夕食の前に勉強を終えます。"
a2_0153,"euro","Uso el euro en una situacion diaria.","El billete cuesta un euro con veinte.","표는 1유로 20센트예요.","The ticket costs one euro twenty.","切符は1ユーロ20です。"
a2_0154,"excursión","Uso el excursion en una situacion diaria.","El sábado hay una excursión a Toledo.","토요일에 톨레도로 소풍이 있어요.","On Saturday there is an excursion to Toledo.","土曜日にトレドへの遠足があります。"
a2_0155,"exposición","Uso el exposición en una situacion diaria.","La exposición de fotos termina el domingo.","사진 전시회는 일요일에 끝나요.","The photo exhibition ends on Sunday.","写真展は日曜日に終わります。"
a2_0156,"extensión","Uso el extensión en una situacion diaria.","Llame a la extensión veinte, por favor.","내선 20번으로 전화해 주세요.","Call extension twenty, please.","内線20番におかけください。"
a2_0157,"exterior","Uso el exterior en una situacion diaria.","La parte exterior de la casa es blanca.","집 외부는 흰색이에요.","The outside of the house is white.","家の外側は白いです。"
a2_0158,"extranjero","Uso el extranjero en una situacion diaria.","El extranjero pregunta por la estación.","외국인이 역 위치를 물어봐요.","The foreigner asks about the station.","外国人が駅の場所を尋ねています。"
a2_0159,"fax","Uso el fax en una situacion diaria.","La oficina todavía usa el fax.","사무실은 아직 팩스를 써요.","The office still uses the fax.","オフィスはまだファックスを使っています。"
a2_0160,"feo","Uso el feo en una situacion diaria.","El edificio nuevo es bastante feo.","새 건물은 꽤 못생겼어요.","The new building is quite ugly.","新しいビルはかなり不格好です。"
a2_0161,"fiebre","Uso el fiebre en una situacion diaria.","El niño tiene fiebre esta noche.","아이가 오늘 밤 열이 나요.","The child has a fever tonight.","子どもは今夜熱があります。"
a2_0162,"filete","Uso el filete en una situacion diaria.","Pido un filete con patatas.","감자를 곁들인 스테이크를 주문해요.","I order a steak with potatoes.","ポテト添えのステーキを注文します。"
a2_0163,"foro","Uso el foro en una situacion diaria.","Pregunto mis dudas en un foro de internet.","인터넷 포럼에 궁금한 점을 물어봐요.","I ask my questions in an internet forum.","ネットのフォーラムで疑問を質問します。"
a2_0164,"frutero","Uso el frutero en una situacion diaria.","El frutero vende naranjas muy dulces.","과일 장수가 아주 달콤한 오렌지를 팔아요.","The fruit seller sells very sweet oranges.","果物屋さんはとても甘いオレンジを売っています。"
a2_0166,"gafas","Uso el gafas en una situacion diaria.","No veo bien sin mis gafas.","안경 없이는 잘 안 보여요.","I cannot see well without my glasses.","眼鏡なしではよく見えません。"
a2_0167,"galletas","Uso el galletas en una situacion diaria.","Las galletas de mi abuela son las mejores.","할머니의 쿠키가 최고예요.","My grandmother's cookies are the best.","祖母のクッキーは最高です。"
a2_0168,"gambas","Uso el gambas en una situacion diaria.","Las gambas a la plancha están ricas.","구운 새우가 맛있어요.","The grilled shrimp are delicious.","焼きエビはおいしいです。"
a2_0169,"garaje","Uso el garaje en una situacion diaria.","El coche está en el garaje.","차는 차고에 있어요.","The car is in the garage.","車はガレージにあります。"
a2_0170,"gel","Uso el gel en una situacion diaria.","Uso gel de ducha con olor a limón.","레몬 향 샤워젤을 써요.","I use lemon-scented shower gel.","レモンの香りのシャワージェルを使っています。"
a2_0171,"gemelos","Uso el gemelos en una situacion diaria.","Mis hermanos gemelos son idénticos.","내 쌍둥이 형제는 똑같이 생겼어요.","My twin brothers are identical.","私の双子の兄弟はそっくりです。"
a2_0172,"generoso","Uso el generoso en una situacion diaria.","Mi tío es muy generoso con los niños.","삼촌은 아이들에게 아주 후해요.","My uncle is very generous with the children.","おじは子どもたちにとても気前がいいです。"
a2_0173,"gimnasio","Uso el gimnasio en una situacion diaria.","Voy al gimnasio los lunes y jueves.","월요일과 목요일에 체육관에 가요.","I go to the gym on Mondays and Thursdays.","月曜と木曜にジムへ行きます。"
a2_0174,"goma","Uso el goma en una situacion diaria.","Borro el error con la goma.","지우개로 틀린 부분을 지워요.","I erase the mistake with the rubber.","消しゴムで間違いを消します。"
a2_0175,"gordo","Uso el gordo en una situacion diaria.","Mi gato está un poco gordo.","우리 고양이는 조금 뚱뚱해요.","My cat is a little fat.","うちの猫は少し太っています。"
a2_0176,"gramos","Uso el gramos en una situacion diaria.","Necesito doscientos gramos de queso.","치즈 200그램이 필요해요.","I need two hundred grams of cheese.","チーズが200グラム必要です。"
a2_0177,"gripe","Uso el gripe en una situacion diaria.","Estoy en cama con gripe.","독감에 걸려 침대에 누워 있어요.","I am in bed with the flu.","インフルエンザで寝込んでいます。"
a2_0178,"guantes","Uso el guantes en una situacion diaria.","En diciembre llevo guantes de lana.","12월에는 털장갑을 껴요.","In December I wear wool gloves.","12月はウールの手袋をします。"
a2_0179,"guapo","Uso el guapo en una situacion diaria.","El actor de la película es muy guapo.","그 영화배우는 아주 잘생겼어요.","The actor in the movie is very handsome.","その映画の俳優はとてもハンサムです。"
a2_0180,"guión","Uso el guión en una situacion diaria.","El actor lee el guión de la serie.","배우가 드라마 대본을 읽어요.","The actor reads the script of the series.","俳優がドラマの脚本を読んでいます。"
a2_0181,"hambre","Uso el hambre en una situacion diaria.","Tengo mucha hambre a mediodía.","점심때 배가 많이 고파요.","I am very hungry at noon.","昼にとてもお腹が空きます。"
a2_0182,"hielo","Uso el hielo en una situacion diaria.","¿Quieres hielo en el zumo?","주스에 얼음 넣을래요?","Do you want ice in the juice?","ジュースに氷を入れますか。"
a2_0183,"hobby","Uso el hobby en una situacion diaria.","Mi hobby es coleccionar sellos.","내 취미는 우표 수집이에요.","My hobby is collecting stamps.","私の趣味は切手集めです。"
a2_0184,"horario","Uso el horario en una situacion diaria.","El horario del museo está en la puerta.","박물관 시간표는 문에 붙어 있어요.","The museum schedule is on the door.","博物館の時間は入口に貼ってあります。"
a2_0185,"huevos","Uso el huevos en una situacion diaria.","Compro una docena de huevos.","달걀 한 판(12개)을 사요.","I buy a dozen eggs.","卵を1ダース買います。"
a2_0186,"información","Uso el información en una situacion diaria.","Pido información en la oficina de turismo.","관광 안내소에서 정보를 물어봐요.","I ask for information at the tourist office.","観光案内所で情報を尋ねます。"
a2_0187,"infusión","Uso el infusión en una situacion diaria.","Por la noche tomo una infusión de manzanilla.","밤에는 카모마일 차를 마셔요.","At night I have a chamomile herbal tea.","夜はカモミールティーを飲みます。"
a2_0188,"ingeniero","Uso el ingeniero en una situacion diaria.","El ingeniero revisa el puente.","엔지니어가 다리를 점검해요.","The engineer inspects the bridge.","エンジニアが橋を点検します。"
a2_0189,"ingrediente","Uso el ingrediente en una situacion diaria.","El ingrediente secreto es el limón.","비밀 재료는 레몬이에요.","The secret ingredient is lemon.","秘密の材料はレモンです。"
a2_0190,"instituto","Uso el instituto en una situacion diaria.","Mi hija estudia en el instituto del barrio.","딸은 동네 중고등학교에 다녀요.","My daughter studies at the neighborhood secondary school.","娘は近所の中等学校に通っています。"
a2_0191,"inteligente","Uso el inteligente en una situacion diaria.","Este perro es muy inteligente.","이 개는 아주 똑똑해요.","This dog is very smart.","この犬はとても賢いです。"
a2_0192,"interior","Uso el interior en una situacion diaria.","El interior del coche es muy amplio.","차 내부가 아주 넓어요.","The interior of the car is very spacious.","車の内部はとても広いです。"
a2_0193,"internet","Uso el internet en una situacion diaria.","No hay internet en la casa rural.","시골집에는 인터넷이 없어요.","There is no internet in the country house.","田舎の家にはインターネットがありません。"
a2_0194,"invitación","Uso el invitación en una situacion diaria.","Recibo una invitación para la boda.","결혼식 초대장을 받아요.","I receive an invitation to the wedding.","結婚式の招待状を受け取ります。"
a2_0195,"italiano","Uso el italiano en una situacion diaria.","Aprendo italiano con canciones.","노래로 이탈리아어를 배워요.","I learn Italian with songs.","歌でイタリア語を学びます。"
a2_0196,"jabón","Uso el jabón en una situacion diaria.","Me lavo las manos con jabón.","비누로 손을 씻어요.","I wash my hands with soap.","石けんで手を洗います。"
a2_0197,"japonés","Uso el japonés en una situacion diaria.","Mi vecino japonés cocina muy bien.","일본인 이웃은 요리를 아주 잘해요.","My Japanese neighbor cooks very well.","日本人の隣人は料理がとても上手です。"
a2_0198,"jardín","Uso el jardín en una situacion diaria.","Las flores del jardín son de mi madre.","정원의 꽃들은 어머니 거예요.","The flowers in the garden are my mother's.","庭の花は母のものです。"
a2_0200,"jersey","Uso el jersey en una situacion diaria.","Este jersey de lana es muy calentito.","이 울 스웨터는 아주 따뜻해요.","This wool sweater is very warm.","このウールのセーターはとても暖かいです。"
a2_0201,"juego","Uso el juego en una situacion diaria.","Los niños aprenden con este juego.","아이들이 이 게임으로 배워요.","The children learn with this game.","子どもたちはこのゲームで学びます。"
a2_0202,"kilo","Uso el kilo en una situacion diaria.","Un kilo de tomates, por favor.","토마토 1킬로 주세요.","A kilo of tomatoes, please.","トマトを1キロください。"
a2_0203,"largo","Uso el largo en una situacion diaria.","El viaje en tren es largo pero cómodo.","기차 여행은 길지만 편해요.","The train trip is long but comfortable.","列車の旅は長いですが快適です。"
a2_0204,"lavabo","Uso el lavabo en una situacion diaria.","El lavabo del baño está limpio.","욕실 세면대가 깨끗해요.","The bathroom sink is clean.","洗面台はきれいです。"
a2_0205,"lavaplatos","Uso el lavaplatos en una situacion diaria.","Pongo los platos en el lavaplatos.","접시들을 식기세척기에 넣어요.","I put the dishes in the dishwasher.","お皿を食洗機に入れます。"
a2_0206,"lección","Uso el lección en una situacion diaria.","La lección de hoy es sobre los verbos.","오늘 수업은 동사에 관한 거예요.","Today's lesson is about verbs.","今日のレッスンは動詞についてです。"
a2_0207,"liso","Uso el liso en una situacion diaria.","Mi hermana tiene el pelo liso.","내 여동생은 머리카락이 곧아요.","My sister has straight hair.","妹はストレートヘアです。"
a2_0208,"litro","Uso el litro en una situacion diaria.","Compro un litro de leche.","우유 1리터를 사요.","I buy a liter of milk.","牛乳を1リットル買います。"
a2_0209,"llaves","Uso el llaves en una situacion diaria.","No encuentro las llaves de casa.","집 열쇠를 못 찾겠어요.","I cannot find my house keys.","家の鍵が見つかりません。"
a2_0210,"maletín","Uso el maletín en una situacion diaria.","El abogado lleva los papeles en un maletín.","변호사가 서류가방에 서류를 넣고 다녀요.","The lawyer carries the papers in a briefcase.","弁護士は書類かばんに書類を入れて運びます。"
a2_0211,"mamá","Uso el mamá en una situacion diaria.","Mi mamá me llama todos los días.","엄마는 매일 나에게 전화해요.","My mom calls me every day.","母は毎日私に電話をくれます。"
a2_0212,"mano","Uso el mano en una situacion diaria.","Levanta la mano para preguntar.","질문하려면 손을 드세요.","Raise your hand to ask.","質問するときは手を挙げてください。"
a2_0213,"marido","Uso el marido en una situacion diaria.","Su marido trabaja en el hospital.","그녀의 남편은 병원에서 일해요.","Her husband works at the hospital.","彼女の夫は病院で働いています。"
a2_0214,"marrones","Uso el marrones en una situacion diaria.","Estos zapatos marrones son nuevos.","이 갈색 신발은 새 거예요.","These brown shoes are new.","この茶色い靴は新しいです。"
a2_0215,"marroquí","Uso el marroquí en una situacion diaria.","Mi amigo marroquí habla cuatro idiomas.","모로코인 친구는 4개 언어를 해요.","My Moroccan friend speaks four languages.","モロッコ人の友達は4か国語を話します。"
a2_0216,"matemáticas","Uso el matemáticas en una situacion diaria.","Las matemáticas son mi asignatura favorita.","수학은 내가 가장 좋아하는 과목이에요.","Mathematics is my favorite subject.","数学は私の一番好きな科目です。"
a2_0217,"mayor","Uso el mayor en una situacion diaria.","Mi hermana mayor vive en Francia.","누나는 프랑스에 살아요.","My older sister lives in France.","姉はフランスに住んでいます。"
a2_0218,"medias","Uso el medias en una situacion diaria.","En invierno llevo medias gruesas.","겨울에는 두꺼운 스타킹을 신어요.","In winter I wear thick stockings.","冬は厚手のストッキングをはきます。"
a2_0219,"menú","Uso el menú en una situacion diaria.","El menú del día cuesta doce euros.","오늘의 메뉴는 12유로예요.","The menu of the day costs twelve euros.","本日のメニューは12ユーロです。"
a2_0220,"mercado","Uso el mercado en una situacion diaria.","Compro pescado fresco en el mercado.","시장에서 신선한 생선을 사요.","I buy fresh fish at the market.","市場で新鮮な魚を買います。"
a2_0221,"mexicano","Uso el mexicano en una situacion diaria.","Mi profesor mexicano es de Guadalajara.","멕시코인 선생님은 과달라하라 출신이에요.","My Mexican teacher is from Guadalajara.","メキシコ人の先生はグアダラハラ出身です。"
a2_0222,"microondas","Uso el microondas en una situacion diaria.","Caliento la sopa en el microondas.","전자레인지에 수프를 데워요.","I heat the soup in the microwave.","電子レンジでスープを温めます。"
a2_0224,"museo","Uso el museo en una situacion diaria.","El museo abre a las diez.","박물관은 10시에 열어요.","The museum opens at ten.","博物館は10時に開きます。"
a2_0225,"musical","Uso el musical en una situacion diaria.","Vemos un musical en el teatro.","극장에서 뮤지컬을 봐요.","We watch a musical at the theater.","劇場でミュージカルを見ます。"
a2_0226,"nacionalidad","Uso el nacionalidad en una situacion diaria.","¿Cuál es tu nacionalidad?","국적이 어떻게 되세요?","What is your nationality?","あなたの国籍はどこですか。"
a2_0227,"nariz","Uso el nariz en una situacion diaria.","Me tapo la nariz al nadar.","수영할 때 코를 막아요.","I hold my nose when swimming.","泳ぐとき鼻をつまみます。"
a2_0228,"negocio","Uso el negocio en una situacion diaria.","Mi tía tiene un negocio de flores.","이모는 꽃 사업을 하세요.","My aunt has a flower business.","おばは花の商売をしています。"
a2_0229,"negros","Uso el negros en una situacion diaria.","Los zapatos negros van con todo.","검은 신발은 어디에나 어울려요.","Black shoes go with everything.","黒い靴は何にでも合います。"
a2_0230,"nervioso","Uso el nervioso en una situacion diaria.","Estoy nervioso por la entrevista.","면접 때문에 긴장돼요.","I am nervous about the interview.","面接で緊張しています。"
a2_0231,"nieto","Uso el nieto en una situacion diaria.","Mi nieto aprende a montar en bici.","손자가 자전거 타는 법을 배워요.","My grandson is learning to ride a bike.","孫が自転車の乗り方を習っています。"
a2_0232,"oído","Uso el oído en una situacion diaria.","Me duele el oído izquierdo.","왼쪽 귀가 아파요.","My left ear hurts.","左耳が痛いです。"
a2_0233,"ojo","Uso el ojo en una situacion diaria.","Tengo algo en el ojo.","눈에 뭐가 들어갔어요.","I have something in my eye.","目に何か入っています。"
a2_0234,"ordenador","Uso el ordenador en una situacion diaria.","Mi ordenador es lento por las tardes.","내 컴퓨터는 오후에 느려져요.","My computer is slow in the afternoons.","私のパソコンは午後になると遅くなります。"
a2_0235,"oscuros","Uso el oscuros en una situacion diaria.","Los colores oscuros son elegantes.","어두운 색은 우아해요.","Dark colors are elegant.","暗い色は上品です。"
a2_0236,"padres","Uso el padres en una situacion diaria.","Mis padres viven en Corea.","부모님은 한국에 사세요.","My parents live in Korea.","両親は韓国に住んでいます。"
a2_0237,"papá","Uso el papá en una situacion diaria.","Mi papá me enseña a cocinar.","아빠가 요리를 가르쳐 주세요.","My dad teaches me to cook.","父が料理を教えてくれます。"
a2_0238,"papel","Uso el papel en una situacion diaria.","Necesito papel para la impresora.","프린터에 쓸 종이가 필요해요.","I need paper for the printer.","プリンター用の紙が必要です。"
a2_0239,"pared","Uso el pared en una situacion diaria.","Cuelgo un cuadro en la pared.","벽에 그림을 걸어요.","I hang a painting on the wall.","壁に絵をかけます。"
a2_0240,"parque","Uso el parque en una situacion diaria.","Los domingos corro en el parque.","일요일마다 공원에서 달려요.","On Sundays I run in the park.","日曜日は公園で走ります。"
a2_0241,"paseo","Uso el paseo en una situacion diaria.","Damos un paseo junto al río.","강가를 따라 산책해요.","We take a walk along the river.","川沿いを散歩します。"
a2_0242,"pasillo","Uso el pasillo en una situacion diaria.","El baño está al final del pasillo.","화장실은 복도 끝에 있어요.","The bathroom is at the end of the hallway.","トイレは廊下の突き当たりにあります。"
a2_0243,"pelo","Uso el pelo en una situacion diaria.","Mi hermana tiene el pelo muy largo.","내 여동생은 머리가 아주 길어요.","My sister has very long hair.","妹は髪がとても長いです。"
a2_0244,"perejil","Uso el perejil en una situacion diaria.","La sopa lleva un poco de perejil.","수프에 파슬리가 조금 들어가요.","The soup has a little parsley.","スープにパセリが少し入っています。"
a2_0245,"pescado","Uso el pescado en una situacion diaria.","El pescado del mercado es muy fresco.","시장 생선은 아주 신선해요.","The fish from the market is very fresh.","市場の魚はとても新鮮です。"
a2_0246,"pie","Uso el pie en una situacion diaria.","Me duele el pie de tanto caminar.","많이 걸어서 발이 아파요.","My foot hurts from walking so much.","歩きすぎて足が痛いです。"
a2_0247,"pijama","Uso el pijama en una situacion diaria.","Me pongo el pijama después de la ducha.","샤워 후에 잠옷을 입어요.","I put on my pajamas after the shower.","シャワーの後にパジャマを着ます。"
a2_0248,"plano","Uso el plano en una situacion diaria.","Miro el plano del metro.","지하철 노선도를 봐요.","I look at the metro map.","地下鉄の路線図を見ます。"
a2_0249,"plátano","Uso el plátano en una situacion diaria.","Como un plátano después del deporte.","운동 후에 바나나를 먹어요.","I eat a banana after sports.","運動の後にバナナを食べます。"
a2_0250,"plato","Uso el plato en una situacion diaria.","Pongo la ensalada en un plato grande.","샐러드를 큰 접시에 담아요.","I put the salad on a big plate.","サラダを大きなお皿に盛ります。"
a2_0251,"portátil","Uso el portatil en una situacion diaria.","Llevo el portátil a la cafetería.","노트북을 카페에 가져가요.","I take my laptop to the cafe.","ノートパソコンをカフェに持っていきます。"
a2_0252,"postal","Uso el postal en una situacion diaria.","Te mando una postal desde Roma.","로마에서 엽서를 보낼게.","I will send you a postcard from Rome.","ローマから絵はがきを送ります。"
a2_0253,"postre","Uso el postre en una situacion diaria.","De postre quiero flan.","디저트로 플란을 주세요.","For dessert I want flan.","デザートにプリンをください。"
a2_0254,"prefijo","Uso el prefijo en una situacion diaria.","El prefijo de España es el treinta y cuatro.","스페인 국번은 34예요.","The area code for Spain is thirty-four.","スペインの国番号は34です。"
a2_0255,"preocupado","Uso el preocupado en una situacion diaria.","Estoy preocupado por el examen final.","기말시험이 걱정돼요.","I am worried about the final exam.","期末試験が心配です。"
a2_0256,"presentador","Uso el presentador en una situacion diaria.","El presentador del programa es muy famoso.","그 프로그램 진행자는 아주 유명해요.","The presenter of the program is very famous.","その番組の司会者はとても有名です。"
a2_0257,"probador","Uso el probador en una situacion diaria.","El probador está al fondo de la tienda.","탈의실은 가게 안쪽에 있어요.","The fitting room is at the back of the store.","試着室は店の奥にあります。"
a2_0258,"profesión","Uso el profesión en una situacion diaria.","¿Cuál es tu profesión actual?","현재 직업이 무엇인가요?","What is your current profession?","現在のご職業は何ですか。"
a2_0259,"programa","Uso el programa en una situacion diaria.","Veo un programa de cocina en la tele.","TV에서 요리 프로그램을 봐요.","I watch a cooking program on TV.","テレビで料理番組を見ます。"
a2_0260,"propietario","Uso el propietario en una situacion diaria.","El propietario del piso vive arriba.","집주인은 위층에 살아요.","The owner of the apartment lives upstairs.","アパートのオーナーは上の階に住んでいます。"
a2_0261,"publicidad","Uso el publicidad en una situacion diaria.","Esa marca gasta mucho en publicidad.","그 브랜드는 광고에 돈을 많이 써요.","That brand spends a lot on advertising.","そのブランドは広告に多く費やしています。"
a2_0262,"puerto","Uso el puerto en una situacion diaria.","Los barcos llegan al puerto por la mañana.","배들이 아침에 항구에 들어와요.","The boats arrive at the port in the morning.","船は朝に港へ入ります。"
a2_0263,"punto","Uso el punto en una situacion diaria.","Ganamos un punto en el juego.","게임에서 1점을 얻어요.","We win a point in the game.","ゲームで1ポイント取ります。"
a2_0264,"queso","Uso el queso en una situacion diaria.","Este queso es de leche de cabra.","이 치즈는 염소젖으로 만들었어요.","This cheese is made from goat milk.","このチーズはヤギの乳から作られています。"
a2_0265,"quiosco","Uso el quiosco en una situacion diaria.","Compro el periódico en el quiosco.","가판대에서 신문을 사요.","I buy the newspaper at the kiosk.","キオスクで新聞を買います。"
a2_0266,"radio","Uso el radio en una situacion diaria.","Escucho las noticias en la radio.","라디오로 뉴스를 들어요.","I listen to the news on the radio.","ラジオでニュースを聞きます。"
a2_0267,"regalo","Uso el regalo en una situacion diaria.","Este regalo es para tu cumpleaños.","이 선물은 네 생일 선물이야.","This gift is for your birthday.","このプレゼントはあなたの誕生日用です。"
a2_0268,"reloj","Uso el reloj en una situacion diaria.","El reloj de la cocina va atrasado.","부엌 시계가 느려요.","The kitchen clock is slow.","台所の時計は遅れています。"
a2_0269,"restaurante","Uso el restaurante en una situacion diaria.","Cenamos en un restaurante italiano.","이탈리아 레스토랑에서 저녁을 먹어요.","We have dinner at an Italian restaurant.","イタリアンレストランで夕食をとります。"
a2_0270,"reunión","Uso el reunion en una situacion diaria.","La reunión empieza a las nueve.","회의는 9시에 시작해요.","The meeting starts at nine.","会議は9時に始まります。"
a2_0271,"rizado","Uso el rizado en una situacion diaria.","Mi hija tiene el pelo rizado.","내 딸은 곱슬머리예요.","My daughter has curly hair.","娘は巻き毛です。"
a2_0272,"rock","Uso el rock en una situacion diaria.","Mi grupo de rock favorito da un concierto.","내가 좋아하는 록 밴드가 콘서트를 해요.","My favorite rock band gives a concert.","好きなロックバンドがコンサートを開きます。"
a2_0273,"ron","Uso el ron en una situacion diaria.","El ron es típico del Caribe.","럼은 카리브해의 대표 술이에요.","Rum is typical of the Caribbean.","ラム酒はカリブ海の名物です。"
a2_0274,"rubio","Uso el rubio en una situacion diaria.","Mi primo es rubio como su madre.","내 사촌은 엄마를 닮아 금발이에요.","My cousin is blonde like his mother.","いとこは母親に似て金髪です。"
a2_0275,"sal","Uso el sal en una situacion diaria.","La sopa necesita un poco más de sal.","수프에 소금이 조금 더 필요해요.","The soup needs a little more salt.","スープにもう少し塩が必要です。"
a2_0276,"salmón","Uso el salmón en una situacion diaria.","El salmón a la plancha está delicioso.","구운 연어가 아주 맛있어요.","The grilled salmon is delicious.","焼きサーモンはとてもおいしいです。"
a2_0277,"sándwich","Uso el sándwich en una situacion diaria.","Pido un sándwich de jamón y queso.","햄 치즈 샌드위치를 주문해요.","I order a ham and cheese sandwich.","ハムとチーズのサンドイッチを注文します。"
a2_0278,"sed","Uso el sed en una situacion diaria.","Tengo mucha sed después de correr.","달리고 나서 목이 많이 말라요.","I am very thirsty after running.","走った後はとてものどが渇きます。"
a2_0279,"sello","Uso el sello en una situacion diaria.","Pego el sello en el sobre.","봉투에 우표를 붙여요.","I stick the stamp on the envelope.","封筒に切手を貼ります。"
a2_0281,"señores","Uso el señores en una situacion diaria.","Buenas tardes, señores, bienvenidos.","안녕하세요, 여러분, 환영합니다.","Good afternoon, gentlemen, welcome.","皆様、こんにちは。ようこそ。"
a2_0282,"separado","Uso el separado en una situacion diaria.","El baño está en un edificio separado.","화장실은 별도 건물에 있어요.","The bathroom is in a separate building.","トイレは別の建物にあります。"
a2_0283,"serio","Uso el serio en una situacion diaria.","El médico está serio hoy.","의사 선생님이 오늘 심각해 보여요.","The doctor looks serious today.","医者は今日深刻な様子です。"
a2_0284,"serrano","Uso el serrano en una situacion diaria.","El jamón serrano es famoso en España.","세라노 햄은 스페인에서 유명해요.","Serrano ham is famous in Spain.","ハモンセラーノはスペインで有名です。"
a2_0285,"sexo","Uso el sexo en una situacion diaria.","El formulario pregunta el sexo y la edad.","양식에서 성별과 나이를 물어봐요.","The form asks for sex and age.","フォームでは性別と年齢を尋ねられます。"
a2_0286,"sillón","Uso el sillón en una situacion diaria.","Leo el periódico en mi sillón favorito.","좋아하는 안락의자에서 신문을 읽어요.","I read the newspaper in my favorite armchair.","お気に入りのソファで新聞を読みます。"
a2_0288,"sobrino","Uso el sobrino en una situacion diaria.","Mi sobrino cumple diez años hoy.","조카가 오늘 열 살이 돼요.","My nephew turns ten today.","甥は今日10歳になります。"
a2_0289,"sociable","Uso el sociable en una situacion diaria.","Ana es muy sociable y tiene muchos amigos.","아나는 아주 사교적이라 친구가 많아요.","Ana is very sociable and has many friends.","アナはとても社交的で友達が多いです。"
a2_0290,"socio","Uso el socio en una situacion diaria.","Mi socio lleva las cuentas del negocio.","내 파트너가 사업 회계를 맡아요.","My partner handles the business accounts.","共同経営者が事業の会計を担当しています。"
a2_0291,"socorro","Uso el socorro en una situacion diaria.","El niño grita socorro desde el agua.","아이가 물에서 도와달라고 외쳐요.","The child shouts for help from the water.","子どもが水の中から助けを求めて叫んでいます。"
a2_0292,"sombrero","Uso el sombrero en una situacion diaria.","En verano llevo sombrero de paja.","여름에는 밀짚모자를 써요.","In summer I wear a straw hat.","夏は麦わら帽子をかぶります。"
a2_0293,"sopa","Uso el sopa en una situacion diaria.","De primero hay sopa de verduras.","첫 요리로 야채수프가 나와요.","As a starter there is vegetable soup.","前菜に野菜スープがあります。"
a2_0294,"sucio","Uso el sucio en una situacion diaria.","El suelo de la cocina está sucio.","부엌 바닥이 더러워요.","The kitchen floor is dirty.","台所の床が汚れています。"
a2_0295,"sucios","Uso el sucios en una situacion diaria.","Los platos sucios están en el fregadero.","더러운 접시들이 싱크대에 있어요.","The dirty dishes are in the sink.","汚れたお皿は流しにあります。"
a2_0296,"suelo","Uso el suelo en una situacion diaria.","El vaso cae al suelo.","컵이 바닥에 떨어져요.","The glass falls to the ground.","コップが床に落ちます。"
a2_0297,"sueño","Uso el sueño en una situacion diaria.","Mi sueño es vivir junto al mar.","내 꿈은 바닷가에 사는 거예요.","My dream is to live by the sea.","私の夢は海のそばに住むことです。"
a2_0298,"sujetador","Uso el sujetador en una situacion diaria.","El sujetador está en el cajón.","브래지어는 서랍에 있어요.","The bra is in the drawer.","ブラジャーは引き出しにあります。"
a2_0299,"tapa","Uso el tapa en una situacion diaria.","Pedimos una tapa de tortilla en el bar.","바에서 토르티야 타파를 주문해요.","We order a tortilla tapa at the bar.","バルでトルティージャのタパを注文します。"
a2_0300,"teatro","Uso el teatro en una situacion diaria.","Esta noche vamos al teatro.","오늘 밤 우리는 극장에 가요.","Tonight we are going to the theater.","今夜は劇場へ行きます。"
a2_0302,"televisión","Uso el televisión en una situacion diaria.","Mis hijos ven poca televisión.","우리 아이들은 TV를 조금만 봐요.","My children watch little television.","うちの子どもたちはあまりテレビを見ません。"
a2_0303,"tiempo","Uso el tiempo en una situacion diaria.","No tengo tiempo para deporte hoy.","오늘은 운동할 시간이 없어요.","I have no time for sports today.","今日は運動する時間がありません。"
a2_0305,"tinto","Uso el tinto en una situacion diaria.","En Colombia, un tinto es un café solo.","콜롬비아에서 tinto는 블랙커피를 뜻해요.","In Colombia, a tinto is a black coffee.","コロンビアでティントはブラックコーヒーのことです。"
a2_0307,"tomate","Uso el tomate en una situacion diaria.","La ensalada lleva tomate y cebolla.","샐러드에는 토마토와 양파가 들어가요.","The salad has tomato and onion.","サラダにはトマトと玉ねぎが入っています。"
a2_0308,"tos","Uso el tos en una situacion diaria.","El niño tiene tos por la noche.","아이가 밤에 기침을 해요.","The child has a cough at night.","子どもは夜に咳が出ます。"
a2_0309,"trabajador","Uso el trabajador en una situacion diaria.","El trabajador termina su turno a las seis.","노동자는 6시에 교대를 마쳐요.","The worker finishes his shift at six.","労働者は6時に交代を終えます。"
a2_0310,"traje","Uso el traje en una situacion diaria.","Llevo traje para la entrevista.","면접에는 정장을 입고 가요.","I wear a suit for the interview.","面接にはスーツを着ていきます。"
a2_0311,"tranquilo","Uso el tranquilo en una situacion diaria.","Este barrio es muy tranquilo.","이 동네는 아주 조용해요.","This neighborhood is very quiet.","この地区はとても静かです。"
a2_0312,"turismo","Uso el turismo en una situacion diaria.","El turismo es importante en esta región.","이 지역에서 관광은 중요해요.","Tourism is important in this region.","この地方では観光が重要です。"
a2_0313,"unidad","Uso el unidad en una situacion diaria.","El metro es una unidad de medida.","미터는 측정 단위예요.","The meter is a unit of measurement.","メートルは測定の単位です。"
a2_0314,"uniforme","Uso el uniforme en una situacion diaria.","Los alumnos llevan uniforme azul.","학생들은 파란 유니폼을 입어요.","The students wear a blue uniform.","生徒たちは青い制服を着ています。"
a2_0315,"universidad","Uso el universidad en una situacion diaria.","Mi hermana estudia en la universidad.","누나는 대학에서 공부해요.","My sister studies at the university.","姉は大学で勉強しています。"
a2_0316,"urgencias","Uso el urgencias en una situacion diaria.","Vamos a urgencias con el niño.","아이를 데리고 응급실에 가요.","We go to the emergency room with the child.","子どもを連れて救急外来へ行きます。"
a2_0317,"vacaciones","Uso el vacaciones en una situacion diaria.","En agosto tengo dos semanas de vacaciones.","8월에 2주 휴가가 있어요.","In August I have two weeks of vacation.","8月に2週間の休暇があります。"
a2_0318,"vaqueros","Uso el vaqueros en una situacion diaria.","Hoy llevo vaqueros y camiseta.","오늘은 청바지에 티셔츠를 입어요.","Today I wear jeans and a T-shirt.","今日はジーンズとTシャツです。"
a2_0319,"vaso","Uso el vaso en una situacion diaria.","Bebo un vaso de agua al levantarme.","일어나면 물 한 잔을 마셔요.","I drink a glass of water when I get up.","起きたら水を1杯飲みます。"
a2_0320,"vegetariano","Uso el vegetariano en una situacion diaria.","Mi hermano es vegetariano desde joven.","내 형은 젊을 때부터 채식주의자예요.","My brother has been a vegetarian since he was young.","兄は若い頃からベジタリアンです。"
a2_0321,"vendedor","Uso el vendedor en una situacion diaria.","El vendedor explica el precio del coche.","판매원이 차 가격을 설명해요.","The seller explains the price of the car.","販売員が車の値段を説明します。"
a2_0322,"verdes","Uso el verdes en una situacion diaria.","Mi madre tiene los ojos verdes.","엄마는 눈이 초록색이에요.","My mother has green eyes.","母は緑色の目をしています。"
a2_0323,"vídeo","Uso el vídeo en una situacion diaria.","Veo un vídeo de cocina en el móvil.","휴대폰으로 요리 영상을 봐요.","I watch a cooking video on my phone.","携帯で料理の動画を見ます。"
a2_0324,"virus","Uso el virus en una situacion diaria.","Este virus afecta a muchos ordenadores.","이 바이러스는 많은 컴퓨터에 피해를 줘요.","This virus affects many computers.","このウイルスは多くのパソコンに影響します。"
a2_0325,"viudo","Uso el viudo en una situacion diaria.","El viudo vive con su hija mayor.","그 홀아비는 큰딸과 함께 살아요.","The widower lives with his oldest daughter.","男やもめは長女と暮らしています。"
a2_0326,"vuelo","Uso el vuelo en una situacion diaria.","El vuelo a Lima sale a las once.","리마행 비행기는 11시에 출발해요.","The flight to Lima leaves at eleven.","リマ行きの便は11時に出発します。"
a2_0327,"yogur","Uso el yogur en una situacion diaria.","Desayuno yogur con fruta.","아침으로 과일 요구르트를 먹어요.","I have yogurt with fruit for breakfast.","朝食にフルーツ入りヨーグルトを食べます。"
a2_0328,"york","Uso el york en una situacion diaria.","El sándwich lleva jamón york y queso.","샌드위치에는 요크 햄과 치즈가 들어가요.","The sandwich has york ham and cheese.","サンドイッチにはロースハムとチーズが入っています。"
a2_0329,"zapatos","Uso el zapatos en una situacion diaria.","Estos zapatos son cómodos para caminar.","이 신발은 걷기에 편해요.","These shoes are comfortable for walking.","この靴は歩きやすいです。"
a2_0330,"zoo","Uso el zoo en una situacion diaria.","Los niños quieren ir al zoo.","아이들이 동물원에 가고 싶어 해요.","The children want to go to the zoo.","子どもたちは動物園に行きたがっています。"
a2_0332,"acabar","Voy a acabar esta tarde.","Voy a acabar el informe esta semana.","이번 주에 보고서를 끝낼 거예요.","I am going to finish the report this week.","今週レポートを終わらせます。"
a2_0333,"academia","Uso la academia en una situacion diaria.","Estudio inglés en una academia.","학원에서 영어를 공부해요.","I study English at an academy.","スクールで英語を勉強しています。"
a2_0334,"agencia","Uso la agencia en una situacion diaria.","Reservo el viaje en una agencia.","여행사에서 여행을 예약해요.","I book the trip at an agency.","旅行代理店で旅行を予約します。"
a2_0335,"alquilar","Voy a alquilar esta tarde.","Queremos alquilar un piso céntrico.","시내 중심의 아파트를 빌리고 싶어요.","We want to rent a downtown apartment.","中心街のアパートを借りたいです。"
a2_0336,"alquiler","Voy a alquiler esta tarde.","El alquiler sube cada año.","임대료가 매년 올라요.","The rent goes up every year.","家賃は毎年上がります。"
a2_0337,"alumno","Conozco a un alumno del barrio.","El alumno nuevo viene de Chile.","새로 온 학생은 칠레에서 왔어요.","The new student comes from Chile.","新しい生徒はチリから来ました。"
a2_0338,"amueblar","Voy a amueblar esta tarde.","Vamos a amueblar el piso poco a poco.","아파트에 가구를 조금씩 들여놓을 거예요.","We are going to furnish the apartment little by little.","少しずつアパートに家具をそろえます。"
a2_0339,"anímica","Uso la anímica en una situacion diaria.","La música mejora mi condición anímica.","음악은 내 기분 상태를 좋게 해요.","Music improves my emotional state.","音楽は私の精神状態を良くしてくれます。"
a2_0342,"asignatura","Uso la asignatura en una situacion diaria.","Mi asignatura favorita es la historia.","내가 가장 좋아하는 과목은 역사예요.","My favorite subject is history.","私の一番好きな科目は歴史です。"
a2_0343,"asistencia","Uso la asistencia en una situacion diaria.","El hotel ofrece asistencia en tres idiomas.","호텔은 3개 언어로 도움을 제공해요.","The hotel offers assistance in three languages.","ホテルは3か国語でサポートを提供しています。"
a2_0344,"atender","Voy a atender esta tarde.","La dependienta va a atender al cliente.","점원이 손님을 응대할 거예요.","The shop assistant is going to serve the customer.","店員がお客様の対応をします。"
a2_0346,"auxiliar","Voy a auxiliar esta tarde.","El auxiliar de vuelo ayuda a los pasajeros.","객실 승무원이 승객들을 도와요.","The flight attendant helps the passengers.","客室乗務員が乗客を手伝います。"
a2_0348,"basura","Uso la basura en una situacion diaria.","Saco la basura por la noche.","밤에 쓰레기를 내다 버려요.","I take out the trash at night.","夜にゴミを出します。"
a2_0349,"bebida","Quiero una bebida fría.","¿Qué bebida quieres con la comida?","식사에 어떤 음료를 곁들일래요?","What drink do you want with the meal?","食事に何の飲み物にしますか。"
a2_0350,"bicicleta","Uso la bicicleta en una situacion diaria.","Voy al trabajo en bicicleta.","자전거로 출근해요.","I go to work by bicycle.","自転車で通勤しています。"
a2_0351,"boca","Uso la boca en una situacion diaria.","El dentista me dice: abre la boca.","치과의사가 입을 벌리라고 해요.","The dentist tells me: open your mouth.","歯医者に口を開けてと言われます。"
a2_0352,"boda","Uso la boda en una situacion diaria.","La boda es en una iglesia pequeña.","결혼식은 작은 교회에서 해요.","The wedding is in a small church.","結婚式は小さな教会で行われます。"
a2_0353,"buen","El resultado es buen.","Hace buen tiempo para pasear.","산책하기 좋은 날씨예요.","It is good weather for a walk.","散歩に良い天気です。"
a2_0354,"buena","El resultado es buena.","Es una buena idea salir temprano.","일찍 출발하는 건 좋은 생각이에요.","It is a good idea to leave early.","早く出るのは良い考えです。"
a2_0355,"buscar","Voy a buscar esta tarde.","Voy a buscar mis llaves en el coche.","차에서 열쇠를 찾아볼 거예요.","I am going to look for my keys in the car.","車の中で鍵を探してみます。"
a2_0356,"búsqueda","Uso la búsqueda en una situacion diaria.","La búsqueda de piso es difícil aquí.","여기서 집 구하기는 어려워요.","The apartment search is difficult here.","ここで住まい探しは大変です。"
a2_0358,"caja","Uso la caja en una situacion diaria.","Guardo las fotos viejas en una caja.","오래된 사진들을 상자에 보관해요.","I keep the old photos in a box.","古い写真を箱にしまっています。"
a2_0359,"cambiarse","Voy a cambiarme esta tarde.","Es rápido cambiarse en el vestuario.","탈의실에서는 옷을 금방 갈아입을 수 있어요.","It is quick to change clothes in the locker room.","更衣室では着替えがすぐにできます。"
a2_0361,"caña","Uso la caña en una situacion diaria.","En el bar pido una caña con mis amigos.","바에서 친구들과 생맥주 한 잔을 시켜요.","At the bar I order a small draft with my friends.","バルで友達と生ビールを一杯注文します。"
a2_0363,"cepillarse","Voy a cepillarme esta tarde.","Hay que cepillarse los dientes tres veces al día.","하루에 세 번 이를 닦아야 해요.","You must brush your teeth three times a day.","1日3回歯を磨かなければなりません。"
a2_0364,"chaqueta","Uso la chaqueta en una situacion diaria.","Esta chaqueta va bien con los vaqueros.","이 재킷은 청바지와 잘 어울려요.","This jacket goes well with jeans.","このジャケットはジーンズによく合います。"
a2_0366,"clases","Uso el clases en clase.","Las clases empiezan en septiembre.","수업은 9월에 시작해요.","Classes start in September.","授業は9月に始まります。"
a2_0367,"cola","Uso la cola en una situacion diaria.","Hay mucha cola en la panadería.","빵집에 줄이 길어요.","There is a long line at the bakery.","パン屋に長い列ができています。"
a2_0368,"cometer","Voy a cometer esta tarde.","No quiero cometer el mismo error.","같은 실수를 저지르고 싶지 않아요.","I do not want to commit the same mistake.","同じ間違いをしたくありません。"
a2_0369,"compartir","Voy a compartir esta tarde.","Me gusta compartir la comida con amigos.","친구들과 음식을 나누는 걸 좋아해요.","I like sharing food with friends.","友達と食べ物を分け合うのが好きです。"
a2_0371,"compra","Uso la compra en una situacion diaria.","Hago la compra los sábados por la mañana.","토요일 아침마다 장을 봐요.","I do the shopping on Saturday mornings.","土曜の朝に買い物をします。"
a2_0372,"conducir","Voy a conducir esta tarde.","Aprendo a conducir con mi padre.","아버지와 운전을 배워요.","I learn to drive with my father.","父と運転を習っています。"
a2_0373,"conectar","Voy a conectar esta tarde.","No puedo conectar el móvil al wifi.","휴대폰을 와이파이에 연결할 수가 없어요.","I cannot connect my phone to the wifi.","携帯をWi-Fiに接続できません。"
a2_0374,"contraseña","Uso la contraseña en una situacion diaria.","He olvidado mi contraseña otra vez.","비밀번호를 또 잊어버렸어요.","I forgot my password again.","またパスワードを忘れてしまいました。"
a2_0375,"correo","Apunto mi correo en el formulario.","Reviso el correo antes de trabajar.","일하기 전에 메일을 확인해요.","I check my mail before working.","仕事の前にメールを確認します。"
a2_0376,"correspondencia","Uso la correspondencia en una situacion diaria.","Guardo la correspondencia en el escritorio.","서신들을 책상에 보관해요.","I keep the correspondence in the desk.","手紙類は机にしまっています。"
a2_0378,"curricular","Voy a curricular esta tarde.","El diseño curricular cambia este curso.","교육과정 설계가 이번 학년도에 바뀌어요.","The curricular design changes this school year.","カリキュラムの設計は今年度変わります。"
a2_0379,"dar","Voy a dar esta tarde.","Te voy a dar mi opinión sincera.","솔직한 의견을 말해 줄게.","I am going to give you my honest opinion.","率直な意見を言います。"
a2_0380,"deber","Voy a deber esta tarde.","Es mi deber ayudar a mi familia.","가족을 돕는 것은 내 의무예요.","It is my duty to help my family.","家族を助けるのは私の義務です。"
a2_0381,"dedicarse","Voy a dedicarme esta tarde.","Quiere dedicarse a la música profesional.","그는 전문 음악에 종사하고 싶어 해요.","He wants to devote himself to professional music.","彼はプロの音楽の道に進みたがっています。"
a2_0382,"dejar","Voy a dejar esta tarde.","Puedes dejar el abrigo en la silla.","코트는 의자에 두면 돼요.","You can leave your coat on the chair.","コートは椅子に置いていいですよ。"
a2_0384,"descansar","Voy a descansar esta tarde.","El domingo quiero descansar en casa.","일요일에는 집에서 쉬고 싶어요.","On Sunday I want to rest at home.","日曜日は家で休みたいです。"
a2_0385,"descargar","Voy a descargar esta tarde.","Voy a descargar la aplicación del banco.","은행 앱을 다운로드할 거예요.","I am going to download the bank app.","銀行のアプリをダウンロードします。"
a2_0387,"despertarse","Voy a despertarme esta tarde.","Es duro despertarse a las cinco.","5시에 잠에서 깨는 건 힘들어요.","It is hard to wake up at five.","5時に目を覚ますのはつらいです。"
a2_0390,"dieta","Uso la dieta en una situacion diaria.","El médico me recomienda una dieta sana.","의사가 건강한 식단을 권해요.","The doctor recommends a healthy diet to me.","医者に健康的な食事を勧められます。"
a2_0391,"discoteca","Uso la discoteca en una situacion diaria.","Bailamos en la discoteca hasta tarde.","디스코장에서 늦게까지 춤춰요.","We dance at the disco until late.","ディスコで遅くまで踊ります。"
a2_0393,"docena","Tomo docena en el desayuno.","Compro una docena de rosas.","장미 열두 송이를 사요.","I buy a dozen roses.","バラを1ダース買います。"
a2_0394,"documento","Necesito el documento para el tramite.","Firmo el documento del contrato.","계약 문서에 서명해요.","I sign the contract document.","契約書類にサインします。"
a2_0395,"documentos","Necesito el documentos para el tramite.","Llevo todos los documentos a la oficina.","모든 서류를 사무실에 가져가요.","I take all the documents to the office.","すべての書類をオフィスへ持っていきます。"
a2_0396,"eléctrica","Uso la eléctrica en una situacion diaria.","La luz eléctrica sube de precio.","전기 요금이 올라요.","The price of electric power goes up.","電気料金が上がります。"
a2_0397,"electrónica","Estudio electrónica en clase.","Mi hijo estudia electrónica en la universidad.","아들은 대학에서 전자공학을 공부해요.","My son studies electronics at university.","息子は大学で電子工学を勉強しています。"
a2_0398,"electrónico","Este resultado es electrónico.","Firmo con un certificado electrónico.","전자 인증서로 서명해요.","I sign with an electronic certificate.","電子証明書で署名します。"
a2_0400,"emergencia","Uso la emergencia en una situacion diaria.","Llama a este número en caso de emergencia.","비상시에는 이 번호로 전화하세요.","Call this number in case of emergency.","緊急の場合はこの番号に電話してください。"
a2_0401,"empezar","Voy a empezar esta tarde.","La película va a empezar ya.","영화가 곧 시작해요.","The movie is going to start now.","映画がもう始まります。"
a2_0402,"enseñanza","Uso la enseñanza en una situacion diaria.","La enseñanza pública es gratuita aquí.","여기서 공교육은 무료예요.","Public education is free here.","ここでは公教育は無料です。"
a2_0405,"escoba","Uso la escoba en una situacion diaria.","Barro el suelo con la escoba.","빗자루로 바닥을 쓸어요.","I sweep the floor with the broom.","ほうきで床を掃きます。"
a2_0406,"escrita","Uso la escrita en una situacion diaria.","La prueba escrita es el viernes.","필기시험은 금요일이에요.","The written test is on Friday.","筆記試験は金曜日です。"
a2_0409,"estética","Uso la estética en una situacion diaria.","Mi prima trabaja en un centro de estética.","사촌은 미용 센터에서 일해요.","My cousin works at a beauty center.","いとこはエステサロンで働いています。"
a2_0410,"exámenes","Uso el exámenes en clase.","Tengo dos exámenes esta semana.","이번 주에 시험이 두 개 있어요.","I have two exams this week.","今週試験が2つあります。"
a2_0411,"explicar","Voy a explicar esta tarde.","¿Me puedes explicar esta regla otra vez?","이 규칙을 다시 설명해 줄래요?","Can you explain this rule to me again?","このルールをもう一度説明してくれますか。"
a2_0412,"factura","Reviso el factura antes de pagar.","La factura de la luz llega hoy.","전기 요금 청구서가 오늘 와요.","The electricity invoice arrives today.","電気の請求書が今日届きます。"
a2_0413,"fecha","Uso la fecha en una situacion diaria.","¿Cuál es la fecha del examen?","시험 날짜가 언제예요?","What is the date of the exam?","試験の日付はいつですか。"
a2_0415,"física","Uso la física en una situacion diaria.","La física explica el movimiento.","물리학은 운동을 설명해요.","Physics explains movement.","物理学は運動を説明します。"
a2_0416,"fórmula","Uso la fórmula en una situacion diaria.","Uso una fórmula para calcular el total.","합계를 계산하는 공식을 써요.","I use a formula to calculate the total.","合計を計算する公式を使います。"
a2_0418,"fotocopias","Necesito el fotocopias para el tramite.","Hago tres fotocopias del contrato.","계약서 사본을 세 장 만들어요.","I make three photocopies of the contract.","契約書のコピーを3枚とります。"
a2_0419,"frontera","Uso la frontera en una situacion diaria.","La frontera está a diez kilómetros.","국경은 10킬로미터 떨어져 있어요.","The border is ten kilometers away.","国境は10キロ先です。"
a2_0420,"frutas","Tomo frutas en el desayuno.","Las frutas de verano son mis favoritas.","여름 과일은 내가 가장 좋아하는 거예요.","Summer fruits are my favorites.","夏の果物が一番好きです。"
a2_0421,"funcionar","Voy a funcionar esta tarde.","El ascensor no va a funcionar hoy.","엘리베이터는 오늘 작동하지 않을 거예요.","The elevator is not going to work today.","エレベーターは今日動きません。"
a2_0422,"ganar","Voy a ganar esta tarde.","Nuestro equipo va a ganar el partido.","우리 팀이 경기에서 이길 거예요.","Our team is going to win the match.","私たちのチームが試合に勝つでしょう。"
a2_0424,"guía","Uso la guia en una situacion diaria.","El guía nos muestra el casco antiguo.","가이드가 구시가지를 안내해 줘요.","The guide shows us the old town.","ガイドが旧市街を案内してくれます。"
a2_0425,"habitaciones","La habitaciones de la casa es pequena.","El hotel tiene cien habitaciones.","그 호텔에는 방이 100개 있어요.","The hotel has one hundred rooms.","そのホテルには部屋が100あります。"
a2_0426,"hacer","Voy a hacer esta tarde.","Hoy quiero hacer una tarta de manzana.","오늘은 사과 케이크를 만들고 싶어요.","Today I want to make an apple cake.","今日はアップルケーキを作りたいです。"
a2_0427,"harina","Uso la harina en una situacion diaria.","El pan se hace con harina y agua.","빵은 밀가루와 물로 만들어요.","Bread is made with flour and water.","パンは小麦粉と水で作ります。"
a2_0429,"ida","Uso la ida en una situacion diaria.","Compro un billete de ida a Madrid.","마드리드행 편도표를 사요.","I buy a one-way ticket to Madrid.","マドリードへの片道切符を買います。"
a2_0430,"limpieza","Uso la limpieza en una situacion diaria.","La limpieza de la casa es los sábados.","집 청소는 토요일마다 해요.","The house cleaning is on Saturdays.","家の掃除は土曜日にします。"
a2_0431,"lista","Uso la lista en una situacion diaria.","Escribo la lista de la compra.","장보기 목록을 써요.","I write the shopping list.","買い物リストを書きます。"
a2_0432,"llamada","Uso la llamada en una situacion diaria.","Recibo una llamada de mi madre.","엄마한테 전화가 와요.","I receive a call from my mother.","母から電話がかかってきます。"
a2_0434,"mala","El resultado es mala.","La película no es mala, pero es larga.","그 영화는 나쁘지 않지만 길어요.","The movie is not bad, but it is long.","その映画は悪くないですが長いです。"
a2_0435,"mandar","Voy a mandar esta tarde.","Te voy a mandar las fotos del viaje.","여행 사진들을 보내 줄게.","I am going to send you the photos from the trip.","旅行の写真を送りますね。"
a2_0436,"matrícula","Uso la matrícula en una situacion diaria.","La matrícula del curso termina el viernes.","강좌 등록은 금요일에 마감해요.","Registration for the course ends on Friday.","講座の登録は金曜日に締め切りです。"
a2_0438,"memorizar","Voy a memorizar esta tarde.","Tengo que memorizar veinte palabras nuevas.","새 단어 20개를 암기해야 해요.","I have to memorize twenty new words.","新しい単語を20個暗記しなければなりません。"
a2_0439,"mermelada","Uso la mermelada en una situacion diaria.","Pongo mermelada de fresa en el pan.","빵에 딸기잼을 발라요.","I put strawberry jam on the bread.","パンにいちごジャムを塗ります。"
a2_0440,"mientras","Uso mientras para unir dos ideas.","Escucho música mientras cocino.","요리하는 동안 음악을 들어요.","I listen to music while I cook.","料理をしながら音楽を聴きます。"
a2_0441,"montar","Voy a montar esta tarde.","Quiero montar a caballo en la playa.","해변에서 말을 타고 싶어요.","I want to ride a horse on the beach.","ビーチで乗馬したいです。"
a2_0442,"navegar","Voy a navegar esta tarde.","Me gusta navegar por internet de noche.","밤에 인터넷 서핑하는 걸 좋아해요.","I like surfing the internet at night.","夜にネットサーフィンするのが好きです。"
a2_0444,"novia","Conozco a una novia del barrio.","Mi novia estudia medicina.","내 여자친구는 의학을 공부해요.","My girlfriend studies medicine.","彼女は医学を勉強しています。"
a2_0445,"obra","Uso la obra en una situacion diaria.","Hay una obra en mi calle y hay ruido.","우리 거리에 공사가 있어서 시끄러워요.","There is construction on my street and it is noisy.","私の通りで工事があってうるさいです。"
a2_0446,"oca","Uso la oca en una situacion diaria.","La oca nada en el lago del parque.","거위가 공원 호수에서 헤엄쳐요.","The goose swims in the park lake.","ガチョウが公園の湖で泳いでいます。"
a2_0448,"oferta","Uso la oferta en una situacion diaria.","Esta tienda tiene una oferta de zapatos.","이 가게에서 신발 할인 행사를 해요.","This store has an offer on shoes.","この店では靴のセールをしています。"
a2_0449,"olvidar","Voy a olvidar esta tarde.","No quiero olvidar tu cumpleaños.","네 생일을 잊고 싶지 않아.","I do not want to forget your birthday.","あなたの誕生日を忘れたくありません。"
a2_0451,"ordenar","Voy a ordenar esta tarde.","Voy a ordenar mi escritorio.","책상을 정리할 거예요.","I am going to tidy up my desk.","机を片付けます。"
a2_0452,"oreja","Uso la oreja en una situacion diaria.","El conejo tiene las orejas largas.","토끼는 귀가 길어요.","The rabbit has long ears.","ウサギは耳が長いです。"
a2_0453,"pantalla","Tomo pantalla en el desayuno.","La pantalla del móvil está rota.","휴대폰 화면이 깨졌어요.","The phone screen is broken.","携帯の画面が割れています。"
a2_0454,"pedir","Voy a pedir esta tarde.","Voy a pedir ayuda al profesor.","선생님께 도움을 요청할 거예요.","I am going to ask the teacher for help.","先生に助けを求めます。"
a2_0456,"pensar","Voy a pensar esta tarde.","Necesito tiempo para pensar tu propuesta.","네 제안을 생각할 시간이 필요해.","I need time to think about your proposal.","あなたの提案を考える時間が必要です。"
a2_0457,"perceptiva","Uso la perceptiva en una situacion diaria.","Mi profesora es muy perceptiva con los alumnos.","우리 선생님은 학생들에게 아주 세심해요.","My teacher is very perceptive with the students.","私の先生は生徒にとても敏感に気づきます。"
a2_0458,"permiso","Necesito el permiso para el tramite.","Pido permiso para salir antes.","일찍 나가도 되는지 허가를 구해요.","I ask permission to leave early.","早退の許可を求めます。"
a2_0461,"persona","Conozco a una persona del barrio.","Cada persona tiene una opinión diferente.","사람마다 의견이 달라요.","Each person has a different opinion.","人それぞれ意見が違います。"
a2_0462,"planchar","Voy a planchar esta tarde.","Odio planchar las camisas.","셔츠 다림질하는 게 싫어요.","I hate ironing shirts.","シャツにアイロンをかけるのが嫌いです。"
a2_0463,"poder","Voy a poder esta tarde.","Hoy no voy a poder ir a clase.","오늘은 수업에 갈 수 없을 것 같아요.","Today I am not going to be able to go to class.","今日は授業に行けそうにありません。"
a2_0465,"preferencia","Uso la preferencia en una situacion diaria.","Tengo preferencia por los asientos de ventana.","저는 창가 자리를 선호해요.","I have a preference for window seats.","窓側の席を好みます。"
a2_0466,"preferir","Voy a preferir esta tarde.","Suelo preferir el tren al avión.","비행기보다 기차를 선호하는 편이에요.","I usually prefer the train to the plane.","飛行機より列車の方が好きです。"
a2_0467,"prensa","Uso la prensa en una situacion diaria.","La prensa habla del nuevo museo.","언론이 새 박물관에 대해 이야기해요.","The press talks about the new museum.","マスコミが新しい博物館について報じています。"
a2_0468,"preparar","Voy a preparar esta tarde.","Voy a preparar la cena para todos.","모두를 위해 저녁을 준비할 거예요.","I am going to prepare dinner for everyone.","みんなの夕食を用意します。"
a2_0469,"primer","Voy a primer esta tarde.","Vivo en el primer piso.","저는 2층(primer piso)에 살아요.","I live on the first floor.","私は2階に住んでいます。"
a2_0471,"pública","Uso la pública en una situacion diaria.","La biblioteca pública abre hasta las diez.","공공 도서관은 10시까지 열어요.","The public library is open until ten.","公共図書館は10時まで開いています。"
a2_0475,"recetas","Hablo del recetas con el medico.","Guardo las recetas de mi abuela.","할머니의 조리법들을 간직하고 있어요.","I keep my grandmother's recipes.","祖母のレシピを大切に保管しています。"
a2_0476,"recibo","Reviso el recibo antes de pagar.","Guarda el recibo de la compra.","구매 영수증을 보관하세요.","Keep the purchase receipt.","買い物のレシートを保管してください。"
a2_0477,"recordar","Voy a recordar esta tarde.","No puedo recordar su nombre.","그 사람 이름이 기억나지 않아요.","I cannot remember his name.","彼の名前が思い出せません。"
a2_0478,"repasar","Voy a repasar esta tarde.","Voy a repasar la lección antes del examen.","시험 전에 수업 내용을 복습할 거예요.","I am going to review the lesson before the exam.","試験の前にレッスンを復習します。"
a2_0479,"reserva","Necesito el reserva para viajar.","Tengo una reserva a nombre de García.","가르시아라는 이름으로 예약했어요.","I have a reservation under the name Garcia.","ガルシアの名前で予約しています。"
a2_0481,"revista","Uso la revista en una situacion diaria.","Leo una revista en la peluquería.","미용실에서 잡지를 읽어요.","I read a magazine at the hair salon.","美容院で雑誌を読みます。"
a2_0482,"roja","Uso la roja en una situacion diaria.","La camiseta roja está en oferta.","빨간 티셔츠가 할인 중이에요.","The red T-shirt is on sale.","赤いTシャツはセール中です。"
a2_0483,"sala","Uso la sala en una situacion diaria.","La sala de espera está llena.","대기실이 꽉 찼어요.","The waiting room is full.","待合室は満員です。"
a2_0484,"salud","Hablo del salud con el medico.","Caminar es bueno para la salud.","걷기는 건강에 좋아요.","Walking is good for your health.","歩くことは健康に良いです。"
a2_0485,"sana","Este resultado es sana.","Una dieta sana lleva mucha verdura.","건강한 식단에는 야채가 많이 들어가요.","A healthy diet includes a lot of vegetables.","健康的な食事には野菜がたくさん入ります。"
a2_0486,"sanitaria","Uso la sanitaria en una situacion diaria.","La inspección sanitaria visita el restaurante.","위생 점검단이 식당을 방문해요.","The sanitary inspection visits the restaurant.","衛生検査がレストランに入ります。"
a2_0487,"sano","Este resultado es sano.","Mi abuelo está muy sano a sus ochenta.","할아버지는 여든에도 아주 건강하세요.","My grandfather is very healthy at eighty.","祖父は80歳でもとても健康です。"
a2_0488,"seguir","Voy a seguir esta tarde.","Quiero seguir estudiando español.","스페인어 공부를 계속하고 싶어요.","I want to continue studying Spanish.","スペイン語の勉強を続けたいです。"
a2_0489,"sentirse","Voy a sentirme esta tarde.","Es normal sentirse cansado los lunes.","월요일에 피곤함을 느끼는 건 정상이에요.","It is normal to feel tired on Mondays.","月曜日に疲れを感じるのは普通です。"
a2_0493,"síntomas","Hablo del síntomas con el medico.","La fiebre y la tos son síntomas de gripe.","열과 기침은 독감 증상이에요.","Fever and cough are symptoms of the flu.","熱と咳はインフルエンザの症状です。"
a2_0494,"social","Este resultado es social.","El deporte tiene un valor social importante.","스포츠는 중요한 사회적 가치가 있어요.","Sports have an important social value.","スポーツには重要な社会的価値があります。"
a2_0495,"sociales","Este resultado es sociales.","Uso poco las redes sociales.","SNS는 거의 안 써요.","I use social networks very little.","SNSはあまり使いません。"
a2_0497,"super","Voy a super esta tarde.","Compro fruta en el super del barrio.","동네 슈퍼에서 과일을 사요.","I buy fruit at the neighborhood supermarket.","近所のスーパーで果物を買います。"
a2_0498,"tarta","Uso la tarta en una situacion diaria.","La tarta de cumpleaños es de chocolate.","생일 케이크는 초콜릿 맛이에요.","The birthday cake is chocolate.","誕生日ケーキはチョコレートです。"
a2_0500,"telefónica","Uso la telefónica en una situacion diaria.","Recibo una llamada telefónica del hospital.","병원에서 전화 연락을 받아요.","I receive a telephone call from the hospital.","病院から電話連絡を受けます。"
b1_0001,"antiguo","El resultado es antiguo.","Este reloj antiguo era de mi abuelo.","이 오래된 시계는 할아버지 것이었어요.","This old watch was my grandfather's.","この古い時計は祖父のものでした。"
b1_0002,"artista","Uso la artista en una situacion diaria.","El artista expone en la galería del centro.","그 예술가는 시내 갤러리에서 전시해요.","The artist exhibits at the downtown gallery.","その芸術家は中心街のギャラリーで展示しています。"
b1_0003,"barrio","Camino por la barrio cada manana.","Mi barrio tiene mercado los jueves.","우리 동네는 목요일마다 시장이 서요.","My neighborhood has a market on Thursdays.","私の地区では木曜日に市場が立ちます。"
b1_0004,"carretera","Uso la carretera en una situacion diaria.","La carretera de la costa tiene buenas vistas.","해안 도로는 전망이 좋아요.","The coastal road has good views.","海岸道路は眺めが良いです。"
b1_0005,"cruzar","Voy a cruzar esta tarde.","Hay que cruzar el puente para llegar.","도착하려면 다리를 건너야 해요.","You have to cross the bridge to get there.","着くには橋を渡らなければなりません。"
b1_0006,"fotografía","Uso la fotografia en una situacion diaria.","La fotografía es mi pasión desde niño.","사진은 어릴 때부터 내 열정이에요.","Photography has been my passion since childhood.","写真は子どもの頃からの情熱です。"
b1_0007,"guitarra","Uso la guitarra en una situacion diaria.","Toco la guitarra en un grupo local.","동네 밴드에서 기타를 쳐요.","I play the guitar in a local band.","地元のバンドでギターを弾いています。"
b1_0008,"informática","Uso la informatica en una situacion diaria.","Estudio informática y trabajo con datos.","컴퓨터 공학을 공부하고 데이터를 다뤄요.","I study computing and work with data.","情報工学を学び、データを扱っています。"
b1_0009,"mediana","Uso la mediana en una situacion diaria.","Prefiero una talla mediana en camisetas.","티셔츠는 중간 사이즈를 선호해요.","I prefer a medium size in T-shirts.","Tシャツは中サイズが好みです。"
b1_0010,"necesario","El resultado es necesario.","Es necesario reservar con antelación.","미리 예약하는 것이 필요해요.","It is necessary to book in advance.","事前の予約が必要です。"
b1_0011,"novela","Uso la novela en una situacion diaria.","Leo una novela de misterio.","미스터리 소설을 읽고 있어요.","I am reading a mystery novel.","ミステリー小説を読んでいます。"
b1_0012,"quizá","Uso la quiza en una situacion diaria.","quizá llueva esta tarde.","오늘 오후에 아마 비가 올 거예요.","Maybe it will rain this afternoon.","今日の午後はたぶん雨が降るでしょう。"
b1_0013,"regular","Voy a regular esta tarde.","El hotel no es malo, es regular.","그 호텔은 나쁘진 않고 그저 그래요.","The hotel is not bad, it is so-so.","そのホテルは悪くはなく、まあまあです。"
b1_0014,"tecnología","Uso la tecnología en una situacion diaria.","La tecnología cambia nuestra forma de estudiar.","기술은 우리의 공부 방식을 바꿔요.","Technology changes the way we study.","テクノロジーは私たちの学び方を変えます。"
b1_0015,"aburrido","Uso el aburrido en una situacion diaria.","El documental es largo y aburrido.","그 다큐멘터리는 길고 지루해요.","The documentary is long and boring.","そのドキュメンタリーは長くて退屈です。"
b1_0016,"actor","Uso el actor en una situacion diaria.","El actor principal es argentino.","주연 배우는 아르헨티나 사람이에요.","The main actor is Argentine.","主演俳優はアルゼンチン人です。"
b1_0017,"actriz","Uso el actriz en una situacion diaria.","La actriz gana un premio importante.","그 여배우가 중요한 상을 받아요.","The actress wins an important award.","その女優は重要な賞を受賞します。"
b1_0018,"aparcamiento","Uso el aparcamiento en una situacion diaria.","El hotel tiene aparcamiento gratuito.","호텔에 무료 주차장이 있어요.","The hotel has free parking.","ホテルには無料駐車場があります。"
b1_0019,"cheque","Uso el cheque en una situacion diaria.","Pago el alquiler con un cheque.","임대료를 수표로 지불해요.","I pay the rent with a check.","家賃を小切手で払います。"
b1_0020,"cuento","Uso el cuento en una situacion diaria.","Leo un cuento a mi hija cada noche.","매일 밤 딸에게 이야기를 읽어 줘요.","I read a story to my daughter every night.","毎晩娘にお話を読んであげます。"
b1_0021,"empleado","Uso el empleado en una situacion diaria.","El empleado nuevo aprende rápido.","신입 직원이 빨리 배워요.","The new employee learns fast.","新しい従業員は覚えが早いです。"
b1_0022,"fuerte","Uso el fuerte en una situacion diaria.","El café de aquí es muy fuerte.","여기 커피는 아주 진해요.","The coffee here is very strong.","ここのコーヒーはとても濃いです。"
b1_0023,"gobierno","Uso el gobierno en una situacion diaria.","El gobierno anuncia nuevas medidas.","정부가 새로운 조치를 발표해요.","The government announces new measures.","政府が新しい対策を発表します。"
b1_0024,"igual","Uso el igual en una situacion diaria.","Tu mochila es igual que la mía.","네 배낭은 내 것과 같아.","Your backpack is the same as mine.","あなたのリュックは私のと同じです。"
b1_0025,"lejos","Uso el lejos en una situacion diaria.","La universidad está lejos de mi casa.","대학은 우리 집에서 멀어요.","The university is far from my house.","大学は家から遠いです。"
b1_0026,"moderno","Uso el moderno en una situacion diaria.","El edificio moderno tiene paredes de cristal.","그 현대식 건물은 유리 벽이에요.","The modern building has glass walls.","そのモダンなビルはガラスの壁です。"
b1_0027,"mucho","Uso el mucho en una situacion diaria.","Este verano trabajo mucho.","이번 여름에는 일을 많이 해요.","This summer I work a lot.","この夏はたくさん働きます。"
b1_0028,"normal","Uso el normal en una situacion diaria.","Es normal tener dudas al principio.","처음에 의문이 드는 건 정상이에요.","It is normal to have doubts at the beginning.","最初は不安があって当然です。"
b1_0029,"normalmente","Uso el normalmente en una situacion diaria.","Normalmente ceno a las nueve.","보통 9시에 저녁을 먹어요.","I normally have dinner at nine.","普段は9時に夕食をとります。"
b1_0030,"parecido","Uso el parecido en una situacion diaria.","Tu coche es muy parecido al mío.","네 차는 내 차와 아주 비슷해.","Your car is very similar to mine.","あなたの車は私のとよく似ています。"
b1_0031,"piano","Uso el piano en una situacion diaria.","Mi hermana toca el piano desde los cinco años.","누나는 다섯 살 때부터 피아노를 쳐요.","My sister has played the piano since she was five.","姉は5歳からピアノを弾いています。"
b1_0032,"piel","Uso el piel en una situacion diaria.","El sol fuerte daña la piel.","강한 햇빛은 피부에 해로워요.","Strong sun damages the skin.","強い日差しは肌を傷めます。"
b1_0033,"probable","Uso el probable en una situacion diaria.","Es probable que llegue tarde hoy.","오늘은 늦을 가능성이 있어요.","It is likely that I will arrive late today.","今日は遅れる可能性があります。"
b1_0034,"región","Uso el región en una situacion diaria.","Esta región produce mucho aceite de oliva.","이 지역은 올리브유를 많이 생산해요.","This region produces a lot of olive oil.","この地方はオリーブオイルをたくさん生産しています。"
b1_0035,"religión","Uso el religión en una situacion diaria.","Respetamos cada religión en esta escuela.","이 학교에서는 모든 종교를 존중해요.","We respect every religion in this school.","この学校ではあらゆる宗教を尊重します。"
b1_0036,"útil","Uso el util en una situacion diaria.","Este diccionario es muy útil para el examen.","이 사전은 시험에 아주 유용해요.","This dictionary is very useful for the exam.","この辞書は試験にとても役立ちます。"
b1_0037,"abrazar","Voy a abrazar esta tarde.","Quiero abrazar a mi madre al llegar.","도착하면 엄마를 안아 주고 싶어요.","I want to hug my mother when I arrive.","着いたら母を抱きしめたいです。"
b1_0038,"aburrirse","Voy a aburrirme esta tarde.","Es fácil aburrirse en una reunión larga.","긴 회의에서는 지루해지기 쉬워요.","It is easy to get bored in a long meeting.","長い会議では退屈しがちです。"
b1_0039,"acariciar","Voy a acariciar esta tarde.","Me gusta acariciar al gato en el sofá.","소파에서 고양이를 쓰다듬는 걸 좋아해요.","I like stroking the cat on the sofa.","ソファで猫をなでるのが好きです。"
b1_0040,"accionista","Uso la accionista en una situacion diaria.","El accionista principal vende sus acciones.","대주주가 주식을 팔아요.","The main shareholder sells his shares.","筆頭株主が株を売却します。"
b1_0041,"aceptar","Voy a aceptar esta tarde.","Decido aceptar la oferta de trabajo.","일자리 제안을 받아들이기로 해요.","I decide to accept the job offer.","仕事のオファーを受けることにします。"
b1_0042,"acompañar","Voy a acompanar esta tarde.","Te puedo acompañar hasta la estación.","역까지 같이 가 줄 수 있어요.","I can accompany you to the station.","駅まで一緒に行けますよ。"
b1_0043,"aconsejar","Voy a aconsejar esta tarde.","Te voy a aconsejar sobre el viaje.","여행에 대해 조언해 줄게요.","I am going to advise you about the trip.","旅行についてアドバイスします。"
b1_0044,"acordarse","Voy a acordarme esta tarde.","Es difícil acordarse de tantas fechas.","그렇게 많은 날짜를 기억하기는 어려워요.","It is hard to remember so many dates.","そんなに多くの日付を覚えるのは難しいです。"
b1_0045,"actuar","Voy a actuar esta tarde.","Hay que actuar rápido en una emergencia.","비상시에는 빠르게 행동해야 해요.","You have to act fast in an emergency.","緊急時には素早く行動しなければなりません。"
b1_0046,"admitir","Voy a admitir esta tarde.","Debo admitir que tienes razón.","네 말이 맞다는 걸 인정해야겠어.","I must admit that you are right.","あなたが正しいと認めざるを得ません。"
b1_0047,"adolescencia","Uso la adolescencia en una situacion diaria.","La adolescencia es una etapa de cambios.","청소년기는 변화의 시기예요.","Adolescence is a stage of changes.","思春期は変化の時期です。"
b1_0049,"adoptar","Voy a adoptar esta tarde.","La familia decide adoptar un gato.","그 가족은 고양이를 입양하기로 해요.","The family decides to adopt a cat.","その家族は猫を引き取ることにします。"
b1_0050,"adoptiva","Uso la adoptiva en una situacion diaria.","Su familia adoptiva vive en Bilbao.","그의 입양 가족은 빌바오에 살아요.","His adoptive family lives in Bilbao.","彼の養家はビルバオに住んでいます。"
b1_0051,"adorar","Voy a adorar esta tarde.","Los fans van a adorar el nuevo disco.","팬들이 새 앨범을 아주 좋아할 거예요.","The fans are going to adore the new album.","ファンは新しいアルバムを気に入るでしょう。"
b1_0052,"aduana","Uso la aduana en una situacion diaria.","Pasamos por la aduana del aeropuerto.","공항 세관을 통과해요.","We go through airport customs.","空港の税関を通ります。"
b1_0053,"advertir","Voy a advertir esta tarde.","Te debo advertir del tráfico en el centro.","시내 교통 상황을 미리 알려 줄게요.","I must warn you about the traffic downtown.","中心街の渋滞について警告しておきます。"
b1_0054,"afectar","Voy a afectar esta tarde.","La lluvia puede afectar al partido.","비가 경기에 영향을 줄 수 있어요.","The rain can affect the match.","雨は試合に影響するかもしれません。"
b1_0055,"agacharse","Voy a agacharme esta tarde.","Hay que agacharse para pasar por aquí.","여기를 지나가려면 몸을 숙여야 해요.","You have to crouch to pass through here.","ここを通るにはかがまなければなりません。"
b1_0056,"agotarse","Voy a agotarme esta tarde.","Las entradas van a agotarse pronto.","입장권이 곧 다 팔릴 거예요.","The tickets are going to run out soon.","チケットはすぐ売り切れそうです。"
b1_0057,"agradecer","Voy a agradecer esta tarde.","Quiero agradecer tu ayuda de ayer.","어제 도와준 것에 감사하고 싶어.","I want to thank you for your help yesterday.","昨日の助けに感謝したいです。"
b1_0058,"aguantar","Voy a aguantar esta tarde.","No puedo aguantar este calor.","이 더위를 견딜 수가 없어요.","I cannot endure this heat.","この暑さには耐えられません。"
b1_0059,"alcanzar","Voy a alcanzar esta tarde.","Quiero alcanzar mi meta este año.","올해 내 목표에 도달하고 싶어요.","I want to reach my goal this year.","今年、目標を達成したいです。"
b1_0060,"alegrarse","Voy a alegrarme esta tarde.","Es natural alegrarse por un amigo.","친구 일로 기뻐하는 건 자연스러워요.","It is natural to rejoice for a friend.","友達のことを喜ぶのは自然なことです。"
b1_0061,"alegría","Uso la alegría en una situacion diaria.","La alegría de los niños es contagiosa.","아이들의 기쁨은 전염돼요.","The joy of children is contagious.","子どもたちの喜びは伝染します。"
b1_0062,"alfombra","Uso la alfombra en una situacion diaria.","La alfombra del salón es persa.","거실 카펫은 페르시아산이에요.","The living room carpet is Persian.","リビングのカーペットはペルシャ製です。"
b1_0063,"alianza","Uso la alianza en una situacion diaria.","Los dos países firman una alianza.","두 나라가 동맹을 맺어요.","The two countries sign an alliance.","両国は同盟を結びます。"
b1_0064,"almohada","Uso la almohada en una situacion diaria.","Duermo con una almohada muy blanda.","아주 푹신한 베개를 베고 자요.","I sleep with a very soft pillow.","とても柔らかい枕で寝ています。"
b1_0065,"altura","Uso la altura en una situacion diaria.","La altura de la torre es de cien metros.","그 탑의 높이는 100미터예요.","The height of the tower is one hundred meters.","塔の高さは100メートルです。"
b1_0066,"alzarse","Voy a alzarme esta tarde.","La torre va a alzarse en el centro.","그 탑은 도심에 세워질 거예요.","The tower is going to rise in the center.","その塔は中心部にそびえ立つ予定です。"
b1_0067,"amar","Voy a amar esta tarde.","Amar es más fácil que perdonar.","사랑하는 것이 용서하는 것보다 쉬워요.","Loving is easier than forgiving.","愛することは許すことより簡単です。"
b1_0068,"analógico","Este resultado es analógico.","Mi padre prefiere el reloj analógico.","아버지는 아날로그 시계를 선호하세요.","My father prefers the analog watch.","父はアナログ時計を好みます。"
b1_0069,"angustia","Uso la angustia en una situacion diaria.","Siento angustia antes de los exámenes.","시험 전에는 마음이 괴로워요.","I feel anguish before exams.","試験の前は不安で苦しくなります。"
b1_0070,"anunciar","Voy a anunciar esta tarde.","La empresa va a anunciar los resultados.","회사가 실적을 발표할 거예요.","The company is going to announce the results.","会社は業績を発表する予定です。"
b1_0071,"aparecer","Voy a aparecer esta tarde.","El sol vuelve a aparecer tras la tormenta.","폭풍 후에 해가 다시 나타나요.","The sun appears again after the storm.","嵐の後、太陽がまた現れます。"
b1_0073,"aplaudir","Voy a aplaudir esta tarde.","El público empieza a aplaudir de pie.","관객들이 일어나서 박수 치기 시작해요.","The audience starts clapping while standing.","観客は立ち上がって拍手し始めます。"
b1_0074,"apoyar","Voy a apoyar esta tarde.","Mis padres siempre me van a apoyar.","부모님은 항상 나를 지지해 주실 거예요.","My parents are always going to support me.","両親はいつも私を支えてくれます。"
b1_0075,"aprovechar","Voy a aprovechar esta tarde.","Quiero aprovechar las vacaciones para leer.","휴가를 독서에 활용하고 싶어요.","I want to take advantage of the vacation to read.","休暇を読書に活用したいです。"
b1_0076,"arañar","Voy a arañar esta tarde.","El gato me va a arañar si lo molesto.","고양이를 귀찮게 하면 나를 할퀼 거예요.","The cat is going to scratch me if I bother it.","猫は邪魔をするとひっかいてきます。"
b1_0077,"arreglar","Voy a arreglar esta tarde.","Tengo que arreglar la bici este finde.","이번 주말에 자전거를 고쳐야 해요.","I have to fix the bike this weekend.","今週末、自転車を直さなければなりません。"
b1_0078,"arrepentirse","Voy a arrepentirme esta tarde.","Es tarde para arrepentirse ahora.","지금 후회하기엔 늦었어요.","It is too late to regret it now.","今さら後悔しても遅いです。"
b1_0079,"arrogancia","Uso la arrogancia en una situacion diaria.","Su arrogancia molesta a los compañeros.","그의 오만함이 동료들을 불편하게 해요.","His arrogance bothers his colleagues.","彼の傲慢さは同僚を不快にさせます。"
b1_0080,"arruga","Uso la arruga en una situacion diaria.","La camisa tiene una arruga en la manga.","셔츠 소매에 주름이 있어요.","The shirt has a wrinkle on the sleeve.","シャツの袖にしわがあります。"
b1_0081,"arteria","Uso la arteria en una situacion diaria.","La arteria lleva la sangre del corazón.","동맥은 심장에서 피를 운반해요.","The artery carries blood from the heart.","動脈は心臓から血液を運びます。"
b1_0082,"asistir","Voy a asistir esta tarde.","Voy a asistir a la conferencia mañana.","내일 회의에 참석할 거예요.","I am going to attend the conference tomorrow.","明日、会議に出席します。"
b1_0083,"aspiradora","Uso la aspiradora en una situacion diaria.","Paso la aspiradora los domingos.","일요일마다 청소기를 돌려요.","I vacuum on Sundays.","日曜日に掃除機をかけます。"
b1_0084,"asustarse","Voy a asustarme esta tarde.","Es normal asustarse con ese ruido.","그런 소리에 겁먹는 건 당연해요.","It is normal to get scared by that noise.","あの音に驚くのは当然です。"
b1_0085,"atravesar","Voy a atravesar esta tarde.","Vamos a atravesar el parque a pie.","우리는 걸어서 공원을 가로질러 갈 거예요.","We are going to go through the park on foot.","歩いて公園を通り抜けます。"
b1_0086,"aumentar","Voy a aumentar esta tarde.","Los precios van a aumentar en enero.","1월에 물가가 오를 거예요.","Prices are going to increase in January.","1月に物価が上がる見込みです。"
b1_0087,"autopista","Uso la autopista en una situacion diaria.","La autopista está cerrada por obras.","고속도로가 공사로 폐쇄됐어요.","The highway is closed due to construction.","高速道路は工事で閉鎖されています。"
b1_0088,"avanzar","Voy a avanzar esta tarde.","El proyecto empieza a avanzar bien.","프로젝트가 순조롭게 진행되기 시작해요.","The project starts to advance well.","プロジェクトは順調に進み始めています。"
b1_0089,"aventura","Uso la aventura en una situacion diaria.","El viaje a la selva es una aventura.","정글 여행은 모험이에요.","The trip to the jungle is an adventure.","ジャングルへの旅は冒険です。"
b1_0090,"avergonzarse","Voy a avergonzarme esta tarde.","No hay que avergonzarse de pedir ayuda.","도움을 청하는 걸 부끄러워할 필요 없어요.","There is no need to be ashamed of asking for help.","助けを求めるのを恥じる必要はありません。"
b1_0092,"avisar","Voy a avisar esta tarde.","Te voy a avisar cuando llegue el paquete.","소포가 오면 알려 줄게요.","I will let you know when the package arrives.","荷物が届いたら知らせます。"
b1_0093,"baja","Uso la baja en una situacion diaria.","Mi compañera está de baja esta semana.","동료가 이번 주 병가 중이에요.","My colleague is on sick leave this week.","同僚は今週病欠しています。"
b1_0094,"barbilla","Uso la barbilla en una situacion diaria.","El boxeador recibe un golpe en la barbilla.","권투 선수가 턱에 펀치를 맞아요.","The boxer takes a hit on the chin.","ボクサーはあごにパンチを受けます。"
b1_0095,"barriga","Uso la barriga en una situacion diaria.","Al bebé le duele la barriga.","아기가 배가 아파요.","The baby's belly hurts.","赤ちゃんはお腹が痛いです。"
b1_0097,"beca","Uso la beca en una situacion diaria.","Mi hija estudia con una beca completa.","딸은 전액 장학금으로 공부해요.","My daughter studies with a full scholarship.","娘は全額奨学金で勉強しています。"
b1_0098,"besar","Voy a besar esta tarde.","La madre quiere besar al bebé.","엄마가 아기에게 뽀뽀하고 싶어 해요.","The mother wants to kiss the baby.","母親は赤ちゃんにキスしたがっています。"
b1_0099,"bostezar","Voy a bostezar esta tarde.","Empiezo a bostezar en la reunión.","회의 중에 하품이 나기 시작해요.","I start to yawn in the meeting.","会議中にあくびが出始めます。"
b1_0100,"buenos","El resultado es buenos.","Tengo muy buenos recuerdos de ese viaje.","그 여행의 아주 좋은 추억이 있어요.","I have very good memories of that trip.","その旅のとても良い思い出があります。"
b1_0101,"burocracia","Uso la burocracia en una situacion diaria.","La burocracia retrasa el proyecto.","관료제가 프로젝트를 지연시켜요.","Bureaucracy delays the project.","官僚主義がプロジェクトを遅らせます。"
b1_0102,"cabra","Uso la cabra en una situacion diaria.","La cabra sube por las rocas.","염소가 바위를 타고 올라가요.","The goat climbs up the rocks.","ヤギが岩を登っていきます。"
b1_0103,"cadáver","Voy a cadáver esta tarde.","La policía encuentra un cadáver en el río.","경찰이 강에서 시체를 발견해요.","The police find a corpse in the river.","警察は川で遺体を発見します。"
b1_0104,"cadena","Uso la cadena en una situacion diaria.","La puerta tiene una cadena de seguridad.","문에 안전 체인이 달려 있어요.","The door has a security chain.","ドアには防犯チェーンが付いています。"
b1_0105,"caer","Voy a caer esta tarde.","Las hojas empiezan a caer en octubre.","10월에 나뭇잎이 떨어지기 시작해요.","The leaves start to fall in October.","10月に葉が落ち始めます。"
b1_0108,"cansarse","Voy a cansarme esta tarde.","Es fácil cansarse con este calor.","이런 더위에는 쉽게 피곤해져요.","It is easy to get tired in this heat.","この暑さでは疲れやすいです。"
b1_0109,"carpeta","Uso la carpeta en una situacion diaria.","Guardo los informes en una carpeta azul.","보고서들을 파란 폴더에 보관해요.","I keep the reports in a blue folder.","レポートを青いフォルダーに保管しています。"
b1_0110,"causa","Uso la causa en una situacion diaria.","La causa del retraso es la niebla.","지연의 원인은 안개예요.","The cause of the delay is the fog.","遅延の原因は霧です。"
b1_0111,"ceja","Uso la ceja en una situacion diaria.","Se pinta la ceja frente al espejo.","거울 앞에서 눈썹을 그려요.","She draws her eyebrow in front of the mirror.","鏡の前で眉を描きます。"
b1_0112,"cerradura","Uso la cerradura en una situacion diaria.","La cerradura de la puerta está rota.","문 자물쇠가 고장 났어요.","The door lock is broken.","ドアの錠が壊れています。"
b1_0113,"cesárea","Uso la cesárea en una situacion diaria.","La cesárea es una operación común.","제왕절개는 흔한 수술이에요.","The cesarean section is a common operation.","帝王切開は一般的な手術です。"
b1_0114,"cesta","Uso la cesta en una situacion diaria.","Llevo la fruta en una cesta.","과일을 바구니에 담아 가요.","I carry the fruit in a basket.","果物をかごに入れて運びます。"
b1_0115,"cintura","Uso la cintura en una situacion diaria.","Esta falda me queda ancha de cintura.","이 스커트는 허리가 커요.","This skirt is loose on my waist.","このスカートはウエストがゆるいです。"
b1_0116,"ciudadano","Camino por la ciudadano cada manana.","Cada ciudadano tiene derecho a votar.","모든 시민은 투표할 권리가 있어요.","Every citizen has the right to vote.","すべての市民に投票する権利があります。"
b1_0119,"cobardía","Uso la cobardía en una situacion diaria.","Huir del problema es una cobardía.","문제에서 도망치는 건 비겁한 일이에요.","Running from the problem is cowardice.","問題から逃げるのは卑怯です。"
b1_0120,"colaborar","Voy a colaborar esta tarde.","Las dos escuelas van a colaborar en el proyecto.","두 학교가 프로젝트에서 협력할 거예요.","The two schools are going to collaborate on the project.","2つの学校がプロジェクトで協力します。"
b1_0121,"colega","Conozco a una colega del barrio.","Como con un colega de la oficina.","사무실 동료와 점심을 먹어요.","I have lunch with a colleague from the office.","職場の同僚と昼食をとります。"
b1_0122,"collar","Voy a collar esta tarde.","El collar de perlas era de mi abuela.","그 진주 목걸이는 할머니 것이었어요.","The pearl necklace was my grandmother's.","その真珠のネックレスは祖母のものでした。"
b1_0123,"columna","Uso la columna en una situacion diaria.","El templo tiene una columna de mármol.","그 신전에는 대리석 기둥이 있어요.","The temple has a marble column.","その神殿には大理石の柱があります。"
b1_0124,"comentar","Voy a comentar esta tarde.","Quiero comentar una idea en la reunión.","회의에서 아이디어 하나를 언급하고 싶어요.","I want to comment on an idea at the meeting.","会議である案について話したいです。"
b1_0125,"compañía","Tomo compañía en el desayuno.","La compañía abre una oficina en Lima.","그 회사는 리마에 사무실을 열어요.","The company opens an office in Lima.","その会社はリマに事務所を開きます。"
b1_0126,"comprobar","Voy a comprobar esta tarde.","Voy a comprobar la hora del vuelo.","비행기 시간을 확인할 거예요.","I am going to check the flight time.","フライトの時間を確認します。"
b1_0127,"comunicar","Voy a comunicar esta tarde.","Es importante comunicar los cambios al equipo.","변경 사항을 팀에 알리는 것이 중요해요.","It is important to communicate changes to the team.","変更をチームに伝えることが重要です。"
b1_0128,"confiar","Voy a confiar esta tarde.","Puedes confiar en tu médico.","의사를 신뢰해도 돼요.","You can trust your doctor.","医者を信頼していいですよ。"
b1_0129,"consecuencia","Uso la consecuencia en una situacion diaria.","El retraso es consecuencia de la lluvia.","지연은 비의 결과예요.","The delay is a consequence of the rain.","遅れは雨の結果です。"
b1_0130,"conseguir","Voy a conseguir esta tarde.","Quiero conseguir el certificado B1.","B1 자격증을 얻고 싶어요.","I want to get the B1 certificate.","B1の証明書を取りたいです。"
b1_0131,"conservar","Voy a conservar esta tarde.","Hay que conservar el pescado en frío.","생선은 차게 보관해야 해요.","You must keep the fish cold.","魚は冷やして保存しなければなりません。"
b1_0132,"considerar","Voy a considerar esta tarde.","Debes considerar todas las opciones.","모든 선택지를 고려해야 해요.","You should consider all the options.","すべての選択肢を考慮すべきです。"
b1_0133,"constancia","Uso la constancia en una situacion diaria.","Con constancia puedes aprender cualquier idioma.","끈기가 있으면 어떤 언어든 배울 수 있어요.","With perseverance you can learn any language.","根気があればどんな言語でも学べます。"
b1_0134,"construir","Voy a construir esta tarde.","Van a construir un puente nuevo.","새 다리를 건설할 거예요.","They are going to build a new bridge.","新しい橋を建設する予定です。"
b1_0135,"continuar","Voy a continuar esta tarde.","Decido continuar con el curso de B1.","B1 과정을 계속하기로 해요.","I decide to continue with the B1 course.","B1コースを続けることにします。"
b1_0136,"contratar","Voy a contratar esta tarde.","La empresa va a contratar a diez personas.","회사가 열 명을 고용할 거예요.","The company is going to hire ten people.","会社は10人を雇う予定です。"
b1_0137,"convencer","Voy a convencer esta tarde.","No me puedes convencer con ese argumento.","그 논리로는 나를 설득할 수 없어.","You cannot convince me with that argument.","その理屈では私を説得できません。"
b1_0138,"convivencia","Uso la convivencia en una situacion diaria.","La convivencia entre vecinos es buena aquí.","여기는 이웃 간의 공존이 잘 이루어져요.","The coexistence between neighbors is good here.","ここでは隣人同士の共生がうまくいっています。"
b1_0139,"convivir","Voy a convivir esta tarde.","Aprendo a convivir con mis compañeros de piso.","룸메이트들과 함께 사는 법을 배워요.","I learn to live together with my roommates.","ルームメイトとの共同生活を学んでいます。"
b1_0140,"copiar","Voy a copiar esta tarde.","No debes copiar en el examen.","시험에서 베끼면 안 돼요.","You must not copy on the exam.","試験でカンニングしてはいけません。"
b1_0141,"corregir","Voy a corregir esta tarde.","La profesora va a corregir los exámenes.","선생님이 시험지를 채점할 거예요.","The teacher is going to correct the exams.","先生が試験を採点します。"
b1_0142,"cortar","Voy a cortar esta tarde.","Voy a cortar el pan para la cena.","저녁 식사용 빵을 자를 거예요.","I am going to cut the bread for dinner.","夕食用のパンを切ります。"
b1_0143,"cortina","Uso la cortina en una situacion diaria.","La cortina del salón es blanca.","거실 커튼은 흰색이에요.","The living room curtain is white.","リビングのカーテンは白です。"
b1_0144,"costilla","Uso la costilla en una situacion diaria.","El médico revisa la costilla rota.","의사가 부러진 갈비뼈를 살펴봐요.","The doctor examines the broken rib.","医者が折れた肋骨を診察します。"
b1_0145,"crear","Voy a crear esta tarde.","Quiero crear una página para mi negocio.","내 사업용 페이지를 만들고 싶어요.","I want to create a page for my business.","自分のビジネス用のページを作りたいです。"
b1_0146,"cuchara","Uso la cuchara en una situacion diaria.","Tomo la sopa con cuchara.","숟가락으로 수프를 먹어요.","I eat the soup with a spoon.","スプーンでスープを飲みます。"
b1_0149,"cuidar","Voy a cuidar esta tarde.","Los abuelos van a cuidar al niño hoy.","오늘은 조부모님이 아이를 돌보실 거예요.","The grandparents are going to take care of the child today.","今日は祖父母が子どもの面倒を見ます。"
b1_0151,"cumplir","Voy a cumplir esta tarde.","Debes cumplir tu promesa.","약속을 지켜야 해요.","You must fulfill your promise.","約束を守らなければなりません。"
b1_0159,"demostrar","Voy a demostrar esta tarde.","Quiero demostrar que puedo hacerlo.","내가 할 수 있다는 걸 증명하고 싶어요.","I want to prove that I can do it.","自分にできると証明したいです。"
b1_0160,"depender","Voy a depender esta tarde.","El plan va a depender del tiempo.","계획은 날씨에 달려 있을 거예요.","The plan is going to depend on the weather.","計画は天気次第です。"
b1_0162,"deprimirse","Voy a deprimirme esta tarde.","No es bueno deprimirse por una nota.","성적 하나로 우울해하는 건 좋지 않아요.","It is not good to get depressed over one grade.","成績一つで落ち込むのは良くありません。"
b1_0163,"desaparecer","Voy a desaparecer esta tarde.","El dolor va a desaparecer en unos días.","통증은 며칠 안에 사라질 거예요.","The pain is going to disappear in a few days.","痛みは数日で消えるでしょう。"
b1_0164,"desarrollar","Voy a desarrollar esta tarde.","La empresa quiere desarrollar una nueva app.","회사는 새 앱을 개발하고 싶어 해요.","The company wants to develop a new app.","会社は新しいアプリを開発したがっています。"
b1_0165,"desconfiar","Voy a desconfiar esta tarde.","Es sano desconfiar de las ofertas milagrosas.","기적 같은 할인은 의심하는 게 좋아요.","It is healthy to distrust miracle offers.","うますぎる話は疑うのが賢明です。"
b1_0166,"describir","Voy a describir esta tarde.","¿Puedes describir a la persona que viste?","네가 본 사람을 묘사해 줄래?","Can you describe the person you saw?","見た人の特徴を説明できますか。"
b1_0167,"descubrir","Voy a descubrir esta tarde.","Me gusta descubrir cafés nuevos.","새로운 카페를 발견하는 걸 좋아해요.","I like discovering new cafes.","新しいカフェを見つけるのが好きです。"
b1_0168,"desinstalar","Voy a desinstalar esta tarde.","Voy a desinstalar los juegos del móvil.","휴대폰에서 게임들을 삭제할 거예요.","I am going to uninstall the games from my phone.","携帯からゲームをアンインストールします。"
b1_0169,"desobedecer","Voy a desobedecer esta tarde.","El perro no suele desobedecer a su dueño.","그 개는 주인 말을 거의 거스르지 않아요.","The dog rarely disobeys its owner.","その犬は飼い主にほとんど逆らいません。"
b1_0170,"despedir","Voy a despedir esta tarde.","La empresa no quiere despedir a nadie.","회사는 아무도 해고하고 싶어 하지 않아요.","The company does not want to dismiss anyone.","会社は誰も解雇したくありません。"
b1_0171,"despedirse","Voy a despedirme esta tarde.","Es triste despedirse en el aeropuerto.","공항에서 작별 인사를 하는 건 슬퍼요.","It is sad to say goodbye at the airport.","空港での別れは悲しいものです。"
b1_0172,"destacar","Voy a destacar esta tarde.","Tu trabajo va a destacar entre todos.","네 작업은 모두 중에서 돋보일 거야.","Your work is going to stand out among all.","あなたの作品はみんなの中で際立つでしょう。"
b1_0174,"destruir","Voy a destruir esta tarde.","El fuego puede destruir el bosque.","불은 숲을 파괴할 수 있어요.","Fire can destroy the forest.","火は森を破壊しかねません。"
b1_0175,"desventaja","Uso la desventaja en una situacion diaria.","Vivir lejos tiene una gran desventaja.","멀리 사는 것에는 큰 단점이 있어요.","Living far away has a big disadvantage.","遠くに住むのは大きなデメリットがあります。"
b1_0176,"detestar","Voy a detestar esta tarde.","Suelo detestar las colas largas.","긴 줄은 정말 싫어요.","I detest long lines.","長い行列が大嫌いです。"
b1_0177,"deuda","Uso la deuda en una situacion diaria.","Quiero pagar mi deuda este año.","올해 빚을 갚고 싶어요.","I want to pay my debt this year.","今年借金を返したいです。"
b1_0179,"diferencia","Uso la diferencia en una situacion diaria.","Hay una gran diferencia de precio.","가격 차이가 커요.","There is a big difference in price.","価格に大きな差があります。"
b1_0180,"digital","Este resultado es digital.","Prefiero el libro digital al de papel.","종이책보다 디지털 책을 선호해요.","I prefer the digital book to the paper one.","紙の本より電子書籍が好きです。"
b1_0181,"dirigir","Voy a dirigir esta tarde.","Ella va a dirigir el nuevo proyecto.","그녀가 새 프로젝트를 이끌 거예요.","She is going to direct the new project.","彼女が新しいプロジェクトを率います。"
b1_0184,"discutir","Voy a discutir esta tarde.","Vamos a discutir el plan mañana.","내일 그 계획을 논의할 거예요.","We are going to discuss the plan tomorrow.","明日その計画について議論します。"
b1_0185,"disfrutar","Voy a disfrutar esta tarde.","Quiero disfrutar de mis vacaciones al máximo.","휴가를 최대한 즐기고 싶어요.","I want to enjoy my vacation to the fullest.","休暇を最大限楽しみたいです。"
b1_0187,"distinguir","Voy a distinguir esta tarde.","Es difícil distinguir a los gemelos.","쌍둥이를 구별하기는 어려워요.","It is hard to distinguish the twins.","双子を見分けるのは難しいです。"
b1_0190,"divertirse","Voy a divertirme esta tarde.","Los niños van a divertirse en la fiesta.","아이들이 파티에서 재미있게 놀 거예요.","The children are going to have fun at the party.","子どもたちはパーティーで楽しく遊ぶでしょう。"
b1_0197,"duda","Uso la duda en una situacion diaria.","Tengo una duda sobre la gramática.","문법에 대해 궁금한 점이 있어요.","I have a doubt about the grammar.","文法について疑問があります。"
b1_0199,"durar","Voy a durar esta tarde.","La película va a durar tres horas.","그 영화는 세 시간 동안 상영돼요.","The movie is going to last three hours.","その映画は3時間続きます。"
b1_0202,"educar","Voy a educar esta tarde.","Los padres deben educar con paciencia.","부모는 인내심을 갖고 교육해야 해요.","Parents should educate with patience.","親は忍耐強く教育すべきです。"
b1_0204,"elegir","Voy a elegir esta tarde.","Tienes que elegir entre las dos ofertas.","두 제안 중에서 선택해야 해요.","You have to choose between the two offers.","2つのオファーから選ばなければなりません。"
b1_0205,"eliminar","Voy a eliminar esta tarde.","Voy a eliminar las fotos borrosas.","흐릿한 사진들을 삭제할 거예요.","I am going to delete the blurry photos.","ぼやけた写真を削除します。"
b1_0211,"emocionar","Voy a emocionar esta tarde.","Esta canción me va a emocionar siempre.","이 노래는 언제나 나를 감동시킬 거예요.","This song is always going to move me.","この歌にはいつも感動させられます。"
b1_0212,"empatar","Voy a empatar esta tarde.","Los dos equipos van a empatar a un gol.","두 팀은 1대 1로 비길 거예요.","The two teams are going to tie at one goal.","両チームは1対1で引き分けるでしょう。"
b1_0215,"enamorarse","Voy a enamorarme esta tarde.","Es fácil enamorarse de esta ciudad.","이 도시와 사랑에 빠지기는 쉬워요.","It is easy to fall in love with this city.","この街には恋に落ちやすいです。"
b1_0218,"encontrarse","Voy a encontrarme esta tarde.","Es fácil encontrarse en la plaza mayor.","중앙 광장에서 만나기는 쉬워요.","It is easy to meet in the main square.","中央広場で会うのは簡単です。"
b1_0219,"enfadarse","Voy a enfadarme esta tarde.","No vale la pena enfadarse por eso.","그런 일로 화낼 필요 없어요.","It is not worth getting angry about that.","そんなことで怒る価値はありません。"
b1_0221,"enfrentarse","Voy a enfrentarme esta tarde.","El equipo debe enfrentarse al campeón.","그 팀은 챔피언과 맞붙어야 해요.","The team must face the champion.","チームはチャンピオンと対戦しなければなりません。"
b1_0222,"engañar","Voy a enganar esta tarde.","No está bien engañar a los clientes.","고객을 속이는 것은 옳지 않아요.","It is not right to deceive customers.","客をだますのは良くありません。"
b1_0225,"enterarse","Voy a enterarme esta tarde.","Es difícil enterarse de todo en vacaciones.","휴가 중에는 모든 소식을 알기 어려워요.","It is hard to find out about everything on vacation.","休暇中はすべての情報を把握しにくいです。"
b1_0226,"enterrar","Voy a enterrar esta tarde.","El perro quiere enterrar su hueso.","개가 뼈다귀를 묻고 싶어 해요.","The dog wants to bury its bone.","犬は骨を埋めたがっています。"
b1_0227,"entrega","Uso la entrega en una situacion diaria.","La entrega del paquete es mañana.","소포 배달은 내일이에요.","The package delivery is tomorrow.","荷物の配達は明日です。"
b1_0228,"entregar","Voy a entregar esta tarde.","Van a entregar el pedido por la tarde.","주문품을 오후에 배달할 거예요.","They are going to deliver the order in the afternoon.","注文品は午後に配達されます。"
b1_0229,"entrenador","Necesito el entrenador para viajar.","El entrenador cambia la táctica del equipo.","코치가 팀 전술을 바꿔요.","The coach changes the team's tactics.","コーチがチームの戦術を変えます。"
b1_0230,"entrenamiento","Necesito el entrenamiento para viajar.","El entrenamiento empieza a las siete.","훈련은 7시에 시작해요.","Training starts at seven.","トレーニングは7時に始まります。"
b1_0231,"envejecer","Voy a envejecer esta tarde.","Todos vamos a envejecer algún día.","우리 모두 언젠가는 늙어요.","We are all going to grow old someday.","誰でもいつかは年を取ります。"
b1_0232,"envidia","Uso la envidia en una situacion diaria.","No siento envidia de su éxito.","그의 성공이 부럽지 않아요.","I do not feel envy of his success.","彼の成功をうらやましいとは思いません。"
b1_0235,"equivocarse","Voy a equivocarme esta tarde.","Es humano equivocarse a veces.","가끔 실수하는 건 인간적인 일이에요.","It is human to make mistakes sometimes.","時に間違えるのは人間らしいことです。"
b1_0237,"escenario","Tomo escenario en el desayuno.","La banda sube al escenario a las diez.","밴드는 10시에 무대에 올라가요.","The band goes on stage at ten.","バンドは10時にステージに上がります。"
b1_0238,"escupir","Voy a escupir esta tarde.","Está prohibido escupir en la calle.","길에 침을 뱉는 것은 금지돼 있어요.","It is forbidden to spit on the street.","路上につばを吐くのは禁止されています。"
b1_0244,"esperanza","Uso la esperanza en una situacion diaria.","No pierdo la esperanza de aprobar.","합격할 희망을 잃지 않아요.","I do not lose hope of passing.","合格の希望を失いません。"
b1_0245,"esperar","Voy a esperar esta tarde.","Voy a esperar el autobús aquí.","여기서 버스를 기다릴 거예요.","I am going to wait for the bus here.","ここでバスを待ちます。"
b1_0247,"estatura","Uso la estatura en una situacion diaria.","Su estatura es de un metro ochenta.","그의 신장은 180센티미터예요.","His height is one meter eighty.","彼の身長は1メートル80です。"
b1_0249,"estornudar","Voy a estornudar esta tarde.","Empiezo a estornudar por el polen.","꽃가루 때문에 재채기가 나기 시작해요.","I start to sneeze because of the pollen.","花粉でくしゃみが出始めます。"
b1_0252,"estresarse","Voy a estresarme esta tarde.","No es bueno estresarse antes del examen.","시험 전에 스트레스받는 건 좋지 않아요.","It is not good to get stressed before the exam.","試験前にストレスをためるのは良くありません。"
b1_0253,"evolucionar","Voy a evolucionar esta tarde.","Las ciudades van a evolucionar con la tecnología.","도시들은 기술과 함께 진화할 거예요.","Cities are going to evolve with technology.","都市はテクノロジーとともに進化していきます。"
b1_0254,"experiencia","Uso la experiencia en una situacion diaria.","Tengo experiencia en atención al cliente.","고객 응대 경험이 있어요.","I have experience in customer service.","接客の経験があります。"
b1_0255,"experimentar","Voy a experimentar esta tarde.","Quiero experimentar la vida en otro país.","다른 나라에서의 삶을 경험해 보고 싶어요.","I want to experience life in another country.","外国での生活を経験してみたいです。"
b1_0259,"expresar","Voy a expresar esta tarde.","Es sano expresar tus emociones.","감정을 표현하는 것은 건강한 일이에요.","It is healthy to express your emotions.","感情を表現するのは健全なことです。"
b1_0262,"fabricar","Voy a fabricar esta tarde.","Esta fábrica va a fabricar coches eléctricos.","이 공장은 전기차를 제조할 거예요.","This factory is going to manufacture electric cars.","この工場は電気自動車を製造する予定です。"
b1_0263,"fallecer","Voy a fallecer esta tarde.","El escritor acaba de fallecer a los noventa.","그 작가는 아흔 살에 막 세상을 떠났어요.","The writer just died at ninety.","その作家は90歳で亡くなったばかりです。"
b1_0264,"familiar","Voy a familiar esta tarde.","Tenemos una cena familiar el domingo.","일요일에 가족 저녁 모임이 있어요.","We have a family dinner on Sunday.","日曜日に家族の夕食会があります。"
b1_0269,"feliz","El resultado es feliz.","Me siento feliz con mi nueva vida.","새로운 삶이 행복해요.","I feel happy with my new life.","新しい生活に幸せを感じています。"
b1_0271,"figura","Uso la figura en una situacion diaria.","Veo una figura extraña en la niebla.","안개 속에서 이상한 모습이 보여요.","I see a strange figure in the fog.","霧の中に奇妙な姿が見えます。"
b1_0272,"fijarse","Voy a fijarme esta tarde.","Hay que fijarse bien en los detalles.","세부 사항에 잘 주의를 기울여야 해요.","You have to pay close attention to the details.","細部によく注意しなければなりません。"
b1_0282,"gargantilla","Uso la gargantilla en una situacion diaria.","Lleva una gargantilla de plata.","그녀는 은 초커를 하고 있어요.","She wears a silver choker.","彼女は銀のチョーカーをしています。"
b1_0283,"gasolina","Uso la gasolina en una situacion diaria.","El precio de la gasolina sube otra vez.","휘발유 가격이 또 올라요.","The price of gasoline goes up again.","ガソリンの値段がまた上がります。"
b1_0284,"gastar","Voy a gastar esta tarde.","No quiero gastar tanto en ropa.","옷에 그렇게 많이 쓰고 싶지 않아요.","I do not want to spend so much on clothes.","服にそんなにお金を使いたくありません。"
b1_0294,"guardar","Voy a guardar esta tarde.","Voy a guardar estos documentos importantes.","이 중요한 문서들을 보관할 거예요.","I am going to keep these important documents.","この重要な書類を保管します。"
b1_0297,"hacerse","Voy a hacerme esta tarde.","Mi hermano quiere hacerse médico.","내 동생은 의사가 되고 싶어 해요.","My brother wants to become a doctor.","弟は医者になりたがっています。"
b1_0300,"hembra","Uso la hembra en una situacion diaria.","La hembra del león caza en grupo.","암사자는 무리 지어 사냥해요.","The female lion hunts in a group.","雌ライオンは群れで狩りをします。"
b1_0301,"heredar","Voy a heredar esta tarde.","Va a heredar la casa de sus abuelos.","그는 조부모의 집을 상속받을 거예요.","He is going to inherit his grandparents' house.","彼は祖父母の家を相続する予定です。"
b1_0302,"herencia","Uso la herencia en una situacion diaria.","La herencia incluye una casa en el campo.","상속 재산에는 시골집이 포함돼 있어요.","The inheritance includes a house in the countryside.","相続には田舎の家が含まれています。"
b1_0307,"hipoteca","Uso la hipoteca en una situacion diaria.","Pagamos la hipoteca cada mes.","매달 모기지를 갚아요.","We pay the mortgage every month.","毎月住宅ローンを払っています。"
b1_0314,"huelga","Uso la huelga en una situacion diaria.","La huelga de trenes es el jueves.","기차 파업은 목요일이에요.","The train strike is on Thursday.","列車のストは木曜日です。"
b1_0317,"humilde","Este resultado es humilde.","El campeón es humilde en las entrevistas.","그 챔피언은 인터뷰에서 겸손해요.","The champion is humble in interviews.","チャンピオンはインタビューで謙虚です。"
b1_0323,"imaginar","Voy a imaginar esta tarde.","No puedo imaginar la vida sin música.","음악 없는 삶은 상상할 수 없어요.","I cannot imagine life without music.","音楽のない生活は想像できません。"
b1_0325,"importar","Voy a importar esta tarde.","Tu opinión me va a importar siempre.","네 의견은 나에게 언제나 중요할 거야.","Your opinion is always going to matter to me.","あなたの意見はいつでも大事です。"
b1_0327,"incinerar","Voy a incinerar esta tarde.","La ciudad decide incinerar la basura.","시는 쓰레기를 소각하기로 해요.","The city decides to incinerate the trash.","市はゴミを焼却することにします。"
b1_0331,"incorporarse","Voy a incorporarme esta tarde.","Ella va a incorporarse al equipo en mayo.","그녀는 5월에 팀에 합류할 거예요.","She is going to join the team in May.","彼女は5月にチームに加わります。"
b1_0332,"indicar","Voy a indicar esta tarde.","Las señales van a indicar el camino.","표지판들이 길을 알려 줄 거예요.","The signs are going to indicate the way.","標識が道を示してくれます。"
b1_0334,"infancia","Uso la infancia en una situacion diaria.","Paso mi infancia en un pueblo pequeño.","어린 시절을 작은 마을에서 보내요.","I spend my childhood in a small town.","子ども時代を小さな町で過ごします。"
b1_0340,"insertar","Voy a insertar esta tarde.","Hay que insertar la tarjeta en el cajero.","현금인출기에 카드를 삽입해야 해요.","You have to insert the card into the ATM.","ATMにカードを挿入しなければなりません。"
b1_0341,"instalar","Voy a instalar esta tarde.","Voy a instalar la nueva aplicación.","새 애플리케이션을 설치할 거예요.","I am going to install the new application.","新しいアプリをインストールします。"
b1_0345,"intentar","Voy a intentar esta tarde.","Voy a intentar llegar antes de las ocho.","8시 전에 도착하도록 해 볼게요.","I am going to try to arrive before eight.","8時前に着くようにしてみます。"
b1_0353,"invertir","Voy a invertir esta tarde.","Quiere invertir sus ahorros en un negocio.","그는 저축한 돈을 사업에 투자하고 싶어 해요.","He wants to invest his savings in a business.","彼は貯金を事業に投資したがっています。"
b1_0356,"jornada","Uso la jornada en una situacion diaria.","Hoy tengo una jornada de ocho horas.","오늘은 8시간 근무예요.","Today I have an eight-hour working day.","今日は8時間勤務です。"
b1_0357,"joya","Uso la joya en una situacion diaria.","Guarda la joya en una caja fuerte.","보석을 금고에 보관하세요.","Keep the jewel in a safe.","宝石は金庫に保管してください。"
b1_0359,"justicia","Uso la justicia en una situacion diaria.","El pueblo pide justicia tras el caso.","사람들은 그 사건 이후 정의를 요구해요.","The people demand justice after the case.","人々は事件の後、正義を求めています。"
b1_0364,"lamentar","Voy a lamentar esta tarde.","Vas a lamentar esa decisión más tarde.","나중에 그 결정을 후회하게 될 거야.","You are going to regret that decision later.","後でその決断を後悔することになりますよ。"
b1_0369,"lesbiana","Uso la lesbiana en una situacion diaria.","Mi vecina lesbiana vive con su pareja.","레즈비언인 이웃은 파트너와 함께 살아요.","My lesbian neighbor lives with her partner.","レズビアンの隣人はパートナーと暮らしています。"
b1_0370,"levantar","Voy a levantar esta tarde.","Ayúdame a levantar esta mesa.","이 테이블 드는 것 좀 도와줘.","Help me lift this table.","このテーブルを持ち上げるのを手伝ってください。"
b1_0373,"licencia","Uso la licencia en una situacion diaria.","Necesitas una licencia para pescar aquí.","여기서 낚시하려면 면허가 필요해요.","You need a license to fish here.","ここで釣りをするには許可証が必要です。"
b1_0375,"llevarse","Voy a llevarme esta tarde.","No está permitido llevarse la comida del bufé.","뷔페 음식을 가져가는 것은 허용되지 않아요.","It is not allowed to take food away from the buffet.","ビュッフェの食べ物の持ち帰りは許可されていません。"
b1_0376,"llorar","Voy a llorar esta tarde.","El bebé empieza a llorar de hambre.","아기가 배고파서 울기 시작해요.","The baby starts to cry from hunger.","赤ちゃんはお腹がすいて泣き始めます。"
b1_0378,"lograr","Voy a lograr esta tarde.","Vas a lograr tu objetivo con esfuerzo.","노력하면 목표를 달성할 수 있을 거예요.","You are going to achieve your goal with effort.","努力すれば目標を達成できるでしょう。"
b1_0380,"madurar","Voy a madurar esta tarde.","La fruta necesita tiempo para madurar.","과일이 익으려면 시간이 필요해요.","Fruit needs time to ripen.","果物が熟すには時間が必要です。"
b1_0383,"malos","El resultado es malos.","Los resultados del examen son malos.","시험 결과가 나빠요.","The exam results are bad.","試験の結果は悪いです。"
b1_0384,"manifestarse","Voy a manifestarme esta tarde.","Los estudiantes van a manifestarse el viernes.","학생들이 금요일에 시위할 거예요.","The students are going to demonstrate on Friday.","学生たちは金曜日にデモを行います。"
b1_0385,"manta","Uso la manta en una situacion diaria.","Pongo una manta en el sofá en invierno.","겨울에는 소파에 담요를 둬요.","I put a blanket on the sofa in winter.","冬はソファに毛布を置きます。"
b1_0386,"mantener","Voy a mantener esta tarde.","Quiero mantener mi rutina de ejercicio.","운동 루틴을 유지하고 싶어요.","I want to keep my exercise routine.","運動の習慣を維持したいです。"
b1_0387,"marcar","Voy a marcar esta tarde.","Voy a marcar las fechas importantes.","중요한 날짜들을 표시할 거예요.","I am going to mark the important dates.","重要な日付に印をつけます。"
b1_0390,"masticar","Voy a masticar esta tarde.","Hay que masticar bien la comida.","음식을 잘 씹어야 해요.","You have to chew your food well.","食べ物はよく噛まなければなりません。"
b1_0391,"materia","Uso la materia en una situacion diaria.","La materia favorita de mi hijo es ciencias.","아들이 가장 좋아하는 과목은 과학이에요.","My son's favorite subject is science.","息子の好きな科目は理科です。"
b1_0395,"media","Uso la media en una situacion diaria.","La temperatura media sube cada año.","평균 기온이 매년 올라요.","The average temperature rises every year.","平均気温は毎年上がっています。"
b1_0396,"mejilla","Uso la mejilla en una situacion diaria.","El niño tiene la mejilla roja por el frío.","아이 뺨이 추위로 빨개요.","The child's cheek is red from the cold.","子どもの頬は寒さで赤いです。"
b1_0397,"mejorar","Voy a mejorar esta tarde.","Quiero mejorar mi pronunciación.","발음을 개선하고 싶어요.","I want to improve my pronunciation.","発音を良くしたいです。"
b1_0402,"merecer","Voy a merecer esta tarde.","Tu equipo va a merecer el premio.","너희 팀은 상을 받을 자격이 있을 거야.","Your team is going to deserve the prize.","あなたのチームは賞に値するでしょう。"
b1_0405,"mirada","Uso la mirada en una situacion diaria.","Su mirada dice más que sus palabras.","그의 눈빛이 말보다 더 많은 걸 말해요.","His gaze says more than his words.","彼のまなざしは言葉以上に語ります。"
b1_0407,"molestar","Voy a molestar esta tarde.","No quiero molestar a los vecinos con ruido.","소음으로 이웃을 귀찮게 하고 싶지 않아요.","I do not want to bother the neighbors with noise.","騒音で隣人に迷惑をかけたくありません。"
b1_0408,"mover","Voy a mover esta tarde.","Ayúdame a mover el sofá a la ventana.","소파를 창가로 옮기는 것 좀 도와줘.","Help me move the sofa to the window.","ソファを窓際に動かすのを手伝ってください。"
b1_0409,"mudarse","Voy a mudarme esta tarde.","Es caro mudarse al centro de la ciudad.","도심으로 이사하는 것은 비용이 많이 들어요.","It is expensive to move to the city center.","市の中心部への引っ越しはお金がかかります。"
b1_0412,"multa","Uso la multa en una situacion diaria.","Recibo una multa por aparcar mal.","주차 위반으로 벌금을 받아요.","I get a fine for parking badly.","駐車違反で罰金を受けます。"
b1_0414,"muñeca","Uso la muñeca en una situacion diaria.","Me duele la muñeca de escribir tanto.","글을 많이 써서 손목이 아파요.","My wrist hurts from writing so much.","書きすぎて手首が痛いです。"
b1_0419,"negociar","Voy a negociar esta tarde.","Vamos a negociar el precio del alquiler.","임대료를 협상할 거예요.","We are going to negotiate the rental price.","家賃を交渉するつもりです。"
b1_0422,"noticia","Uso la noticia en una situacion diaria.","La noticia del día es el nuevo tren.","오늘의 뉴스는 새 기차예요.","The news of the day is the new train.","今日のニュースは新しい列車です。"
b1_0423,"nuera","Uso la nuera en una situacion diaria.","Mi nuera cocina el plato tradicional.","며느리가 전통 요리를 만들어요.","My daughter-in-law cooks the traditional dish.","嫁が伝統料理を作ります。"
b1_0424,"numerosa","Apunto mi numerosa en el formulario.","La plaza recibe numerosa gente en fiestas.","축제 때 광장에 수많은 사람이 모여요.","The square receives numerous people during festivals.","祭りの時、広場には大勢の人が集まります。"
b1_0425,"obedecer","Voy a obedecer esta tarde.","El perro aprende a obedecer las órdenes.","개가 명령에 복종하는 법을 배워요.","The dog learns to obey commands.","犬は命令に従うことを学びます。"
b1_0429,"ofrecer","Voy a ofrecer esta tarde.","Te puedo ofrecer un café mientras esperas.","기다리는 동안 커피를 드릴 수 있어요.","I can offer you a coffee while you wait.","お待ちの間コーヒーはいかがですか。"
b1_0430,"oler","Voy a oler esta tarde.","Me encanta oler el pan recién hecho.","갓 구운 빵 냄새 맡는 걸 아주 좋아해요.","I love smelling freshly baked bread.","焼きたてのパンの香りをかぐのが大好きです。"
b1_0432,"olla","Uso la olla en una situacion diaria.","La sopa se cocina en una olla grande.","수프는 큰 냄비에 끓여요.","The soup is cooked in a big pot.","スープは大きな鍋で作ります。"
b1_0436,"organizar","Voy a organizar esta tarde.","Voy a organizar una fiesta sorpresa.","깜짝 파티를 준비할 거예요.","I am going to organize a surprise party.","サプライズパーティーを企画します。"
b1_0439,"oscura","Uso la oscura en una situacion diaria.","La habitación queda oscura sin la lámpara.","램프가 없으면 방이 어두워요.","The room is dark without the lamp.","ランプがないと部屋は暗いです。"
b1_0440,"paciencia","Uso la paciencia en una situacion diaria.","Aprender un idioma requiere paciencia.","언어를 배우려면 인내심이 필요해요.","Learning a language requires patience.","言語の習得には忍耐が必要です。"
b1_0442,"pánico","Tomo pánico en el desayuno.","Siento pánico al hablar en público.","사람들 앞에서 말할 때 공포를 느껴요.","I feel panic when speaking in public.","人前で話すときパニックになります。"
b1_0443,"parecerse","Voy a parecerme esta tarde.","Es normal parecerse a los padres.","부모를 닮는 건 자연스러운 일이에요.","It is normal to resemble your parents.","親に似るのは自然なことです。"
b1_0445,"participar","Voy a participar esta tarde.","Quiero participar en el concurso de fotos.","사진 공모전에 참여하고 싶어요.","I want to participate in the photo contest.","写真コンテストに参加したいです。"
b1_0448,"pasar","Voy a pasar esta tarde.","Veo pasar el tren desde mi ventana.","창문에서 기차가 지나가는 걸 봐요.","I watch the train pass from my window.","窓から列車が通り過ぎるのを見ます。"
b1_0449,"patada","Uso la patada en una situacion diaria.","El portero para el balón de una patada.","골키퍼가 공을 발로 차서 막아요.","The goalkeeper stops the ball with a kick.","キーパーはキックでボールを止めます。"
b1_0453,"pegar","Voy a pegar esta tarde.","Voy a pegar el cartel en la pared.","포스터를 벽에 붙일 거예요.","I am going to stick the poster on the wall.","ポスターを壁に貼ります。"
b1_0454,"pelearse","Voy a pelearme esta tarde.","Los hermanos no deben pelearse por juguetes.","형제끼리 장난감 때문에 싸우면 안 돼요.","Siblings should not fight over toys.","兄弟はおもちゃのことでけんかしてはいけません。"
b1_0456,"pena","Uso la pena en una situacion diaria.","Siento pena por el final de las vacaciones.","휴가가 끝나서 아쉬워요.","I feel sorrow about the end of the vacation.","休暇が終わって悲しいです。"
b1_0458,"perder","Voy a perder esta tarde.","No quiero perder el último tren.","막차를 놓치고 싶지 않아요.","I do not want to lose the last train.","終電を逃したくありません。"
b1_0461,"perdonar","Voy a perdonar esta tarde.","Decido perdonar a mi amigo.","친구를 용서하기로 해요.","I decide to forgive my friend.","友達を許すことにします。"
b1_0463,"periferia","Uso la periferia en una situacion diaria.","Vivo en la periferia de la ciudad.","도시 주변부에 살아요.","I live on the periphery of the city.","市の郊外に住んでいます。"
b1_0464,"permitir","Voy a permitir esta tarde.","El hotel no va a permitir mascotas.","그 호텔은 반려동물을 허용하지 않을 거예요.","The hotel is not going to allow pets.","そのホテルはペットを許可しない予定です。"
b1_0466,"pestaña","Uso la pestaña en una situacion diaria.","Se me mete una pestaña en el ojo.","속눈썹이 눈에 들어갔어요.","An eyelash gets in my eye.","まつげが目に入ってしまいました。"
b1_0469,"píldora","Uso la píldora en una situacion diaria.","Tomo una píldora para el dolor de cabeza.","두통 때문에 알약을 먹어요.","I take a pill for my headache.","頭痛のために錠剤を飲みます。"
b1_0470,"planificar","Voy a planificar esta tarde.","Vamos a planificar el viaje con tiempo.","여유를 갖고 여행을 계획할 거예요.","We are going to plan the trip in advance.","余裕をもって旅行を計画します。"
b1_0471,"plata","Uso la plata en una situacion diaria.","Este anillo es de plata.","이 반지는 은으로 만들었어요.","This ring is made of silver.","この指輪は銀製です。"
b1_0474,"pobreza","Uso la pobreza en una situacion diaria.","La pobreza baja en esta región.","이 지역의 빈곤이 줄어들어요.","Poverty decreases in this region.","この地方では貧困が減っています。"
b1_0479,"portarse","Voy a portarme esta tarde.","Los niños prometen portarse bien.","아이들이 얌전히 굴겠다고 약속해요.","The children promise to behave well.","子どもたちは行儀よくすると約束します。"
b1_0481,"postura","Uso la postura en una situacion diaria.","Una buena postura evita el dolor de espalda.","좋은 자세는 허리 통증을 예방해요.","Good posture prevents back pain.","良い姿勢は腰痛を防ぎます。"
b1_0482,"preadolescencia","Uso la preadolescencia en una situacion diaria.","La preadolescencia empieza sobre los diez años.","청소년기 이전 시기는 열 살쯤 시작돼요.","Preadolescence starts around age ten.","前思春期は10歳頃に始まります。"
b1_0483,"preocupar","Voy a preocupar esta tarde.","No te debe preocupar ese detalle.","그런 사소한 일로 걱정할 필요 없어.","That detail should not worry you.","そんな細かいことを心配する必要はありません。"
b1_0484,"presencia","Uso la presencia en una situacion diaria.","Su presencia cambia el ambiente de la sala.","그의 존재가 방 분위기를 바꿔요.","His presence changes the atmosphere of the room.","彼の存在は部屋の雰囲気を変えます。"
b1_0486,"preservativos","Necesito el preservativos para viajar.","La farmacia vende preservativos y otros productos.","약국은 콘돔과 다른 제품들을 팔아요.","The pharmacy sells condoms and other products.","薬局ではコンドームなどの製品を売っています。"
b1_0494,"probeta","Uso la probeta en una situacion diaria.","El laboratorio usa una probeta de vidrio.","실험실에서는 유리 시험관을 사용해요.","The laboratory uses a glass test tube.","実験室ではガラスの試験管を使います。"
b1_0496,"producir","Voy a producir esta tarde.","Esta región va a producir más aceite.","이 지역은 기름을 더 많이 생산할 거예요.","This region is going to produce more oil.","この地方はより多くのオイルを生産する予定です。"
b1_0497,"progresar","Voy a progresar esta tarde.","Mi español empieza a progresar de verdad.","내 스페인어가 정말로 늘기 시작해요.","My Spanish starts to really progress.","私のスペイン語は本当に上達し始めています。"
b1_0498,"prohibir","Voy a prohibir esta tarde.","Van a prohibir aparcar en esta calle.","이 거리에서 주차를 금지할 거예요.","They are going to prohibit parking on this street.","この通りでは駐車が禁止される予定です。"
b1_0499,"prometer","Voy a prometer esta tarde.","No puedo prometer nada todavía.","아직은 아무것도 약속할 수 없어요.","I cannot promise anything yet.","まだ何も約束できません。"
